ds,trend,yhat_lower,yhat_upper,trend_lower,trend_upper,additive_terms,additive_terms_lower,additive_terms_upper,weekly,weekly_lower,weekly_upper,yearly,yearly_lower,yearly_upper,multiplicative_terms,multiplicative_terms_lower,multiplicative_terms_upper,yhat
2009-12-01,539.2182792696,-810.9707844607259,1830.6669744971439,539.2182792696,539.2182792696,-31.629041544697714,-31.629041544697714,-31.629041544697714,41.18035735123742,41.18035735123742,41.18035735123742,-72.80939889593513,-72.80939889593513,-72.80939889593513,0.0,0.0,0.0,507.58923772490226
2009-12-02,540.6998941958193,-851.9801772731818,1818.4761094346427,540.6998941958193,540.6998941958193,-33.82564562880436,-33.82564562880436,-33.82564562880436,29.718024967406162,29.718024967406162,29.718024967406162,-63.543670596210525,-63.543670596210525,-63.543670596210525,0.0,0.0,0.0,506.87424856701494
2009-12-03,542.181522270415,-837.5386195035416,1893.654977632811,542.181522270415,542.181522270415,0.5898829045933022,0.5898829045933022,0.5898829045933022,60.964214932479464,60.964214932479464,60.964214932479464,-60.374332027886155,-60.374332027886155,-60.374332027886155,0.0,0.0,0.0,542.7714051750083
2009-12-04,543.6631503450108,-697.2202212456625,1850.3891438381115,543.6631503450108,543.6631503450108,2.612943056096856,2.612943056096856,2.612943056096856,64.73897665799562,64.73897665799562,64.73897665799562,-62.12603360189877,-62.12603360189877,-62.12603360189877,0.0,0.0,0.0,546.2760934011076
2009-12-05,545.1447485562331,-1032.8665928513005,1718.0205839238479,545.1447485562331,545.1447485562331,-211.18477272417687,-211.18477272417687,-211.18477272417687,-143.57893267370088,-143.57893267370088,-143.57893267370088,-67.60584005047599,-67.60584005047599,-67.60584005047599,0.0,0.0,0.0,333.9599758320563
2009-12-06,546.6263467674556,-877.6954578940623,1685.224608089438,546.6263467674556,546.6263467674556,-138.70554564950817,-138.70554564950817,-138.70554564950817,-63.06775757923169,-63.06775757923169,-63.06775757923169,-75.63778807027649,-75.63778807027649,-75.63778807027649,0.0,0.0,0.0,407.92080111794746
2009-12-07,548.1079449786781,-881.4572247340899,1857.35245517489,548.1079449786781,548.1079449786781,-75.04943791445727,-75.04943791445727,-75.04943791445727,10.045116344476567,10.045116344476567,10.045116344476567,-85.09455425893384,-85.09455425893384,-85.09455425893384,0.0,0.0,0.0,473.05850706422086
2009-12-08,549.5896451599007,-909.5073967256342,1911.3512716043872,549.5896451599007,549.5896451599007,-53.74519032168427,-53.74519032168427,-53.74519032168427,41.18035735138974,41.18035735138974,41.18035735138974,-94.925547673074,-94.925547673074,-94.925547673074,0.0,0.0,0.0,495.8444548382164
2009-12-09,551.0713453411232,-860.5324246455466,1814.6646302763759,551.0713453411232,551.0713453411232,-74.46285685273891,-74.46285685273891,-74.46285685273891,29.718024967487956,29.718024967487956,29.718024967487956,-104.18088182022687,-104.18088182022687,-104.18088182022687,0.0,0.0,0.0,476.6084884883843
2009-12-10,552.5530265765814,-913.9792975261756,1999.8341890263066,552.5530265765814,552.5530265765814,-51.0666143586641,-51.0666143586641,-51.0666143586641,60.96421493220149,60.96421493220149,60.96421493220149,-112.0308292908656,-112.0308292908656,-112.0308292908656,0.0,0.0,0.0,501.4864122179173
2009-12-11,554.0347078120394,-1006.6893867068801,1910.4896166880121,554.0347078120394,554.0347078120394,-53.04153728121697,-53.04153728121697,-53.04153728121697,64.73897665791696,64.73897665791696,64.73897665791696,-117.78051393913394,-117.78051393913394,-117.78051393913394,0.0,0.0,0.0,500.99317053082245
2009-12-13,556.997935364441,-949.0024923111721,1783.4339038651594,556.997935364441,556.997935364441,-183.99580595327743,-183.99580595327743,-183.99580595327743,-63.067757579172145,-63.067757579172145,-63.067757579172145,-120.92804837410529,-120.92804837410529,-120.92804837410529,0.0,0.0,0.0,373.00212941116354
2009-12-14,558.4795491406417,-916.5191183689737,1802.2179477357797,558.4795491406417,558.4795491406417,-107.62994675874612,-107.62994675874612,-107.62994675874612,10.04511634438379,10.04511634438379,10.04511634438379,-117.67506310312989,-117.67506310312989,-117.67506310312989,0.0,0.0,0.0,450.8496023818956
2009-12-15,559.9611705772081,-963.630107409625,1905.7649073041243,559.9611705772081,559.9611705772081,-69.83627925822388,-69.83627925822388,-69.83627925822388,41.180357351391194,41.180357351391194,41.180357351391194,-111.01663660961508,-111.01663660961508,-111.01663660961508,0.0,0.0,0.0,490.1248913189842
2009-12-16,561.4427920137746,-912.8961881888787,1893.7736550875788,561.4427920137746,561.4427920137746,-71.26897765269281,-71.26897765269281,-71.26897765269281,29.71802496749134,29.71802496749134,29.71802496749134,-100.98700262018417,-100.98700262018417,-100.98700262018417,0.0,0.0,0.0,490.1738143610818
2009-12-17,562.9244456304078,-850.6587232944756,1904.1366350005394,562.9244456304078,562.9244456304078,-26.783341587445847,-26.783341587445847,-26.783341587445847,60.964214932107225,60.964214932107225,60.964214932107225,-87.74755651955307,-87.74755651955307,-87.74755651955307,0.0,0.0,0.0,536.141104042962
2009-12-18,564.4060992470412,-853.1060754412318,1968.5505192749006,564.4060992470412,564.4060992470412,-6.833810926940784,-6.833810926940784,-6.833810926940784,64.73897665783831,64.73897665783831,64.73897665783831,-71.57278758477909,-71.57278758477909,-71.57278758477909,0.0,0.0,0.0,557.5722883201004
2009-12-20,567.3694064803078,-919.8663942392649,1767.2914991865032,567.3694064803078,567.3694064803078,-95.04907121863533,-95.04907121863533,-95.04907121863533,-63.06775757911259,-63.06775757911259,-63.06775757911259,-31.981313639522742,-31.981313639522742,-31.981313639522742,0.0,0.0,0.0,472.3203352616725
2009-12-21,568.8510984970272,-852.1945156314958,1952.713512062418,568.8510984970272,568.8510984970272,0.5201016939102108,0.5201016939102108,0.5201016939102108,10.045116344521714,10.045116344521714,10.045116344521714,-9.525014650611505,-9.525014650611505,-9.525014650611505,0.0,0.0,0.0,569.3712001909374
2009-12-22,570.3327905137465,-720.9782785774195,1917.9856400214233,570.3327905137465,570.3327905137465,55.164198927802225,55.164198927802225,55.164198927802225,41.18035735130516,41.18035735130516,41.18035735130516,13.983841576497058,13.983841576497058,13.983841576497058,0.0,0.0,0.0,625.4969894415487
2009-12-23,571.8144825304659,-708.5221752113379,2049.041536205344,571.8144825304659,571.8144825304659,67.69029291767114,67.69029291767114,67.69029291767114,29.718024967338906,29.718024967338906,29.718024967338906,37.97226795033224,37.97226795033224,37.97226795033224,0.0,0.0,0.0,639.504775448137
2010-01-04,589.5947867310979,-533.0837436737482,2194.272472868654,589.5947867310979,589.5947867310979,200.50374087868988,200.50374087868988,200.50374087868988,10.04511634453145,10.04511634453145,10.04511634453145,190.45862453415845,190.45862453415845,190.45862453415845,0.0,0.0,0.0,790.0985276097878
2010-01-05,591.0764787478171,-547.4606616657661,2197.6292979648547,591.0764787478171,591.0764787478171,225.0366250631655,225.0366250631655,225.0366250631655,41.18035735137147,41.18035735137147,41.18035735137147,183.85626771179403,183.85626771179403,183.85626771179403,0.0,0.0,0.0,816.1131038109826
2010-01-06,592.5581707645364,-614.5459114677203,2141.900018895737,592.5581707645364,592.5581707645364,203.92127182155505,203.92127182155505,203.92127182155505,29.718024967189862,29.718024967189862,29.718024967189862,174.20324685436518,174.20324685436518,174.20324685436518,0.0,0.0,0.0,796.4794425860914
2010-01-07,594.035711745644,-526.9463696171885,2145.2449945965277,594.035711745644,594.035711745644,222.66663028021944,222.66663028021944,222.66663028021944,60.96421493217284,60.96421493217284,60.96421493217284,161.7024153480466,161.7024153480466,161.7024153480466,0.0,0.0,0.0,816.7023420258635
2010-01-08,595.5132527267516,-552.0700413001211,2108.419186523147,595.5132527267516,595.5132527267516,211.33475830334325,211.33475830334325,211.33475830334325,64.73897665778281,64.73897665778281,64.73897665778281,146.59578164556044,146.59578164556044,146.59578164556044,0.0,0.0,0.0,806.8480110300949
2010-01-10,598.4683346889667,-740.1216525421164,2004.675142531663,598.4683346889667,598.4683346889667,46.61422410072025,46.61422410072025,46.61422410072025,-63.06775757940421,-63.06775757940421,-63.06775757940421,109.68198168012445,109.68198168012445,109.68198168012445,0.0,0.0,0.0,645.0825587896869
2010-01-11,599.9458756700743,-730.3373295867314,1996.692866558591,599.9458756700743,599.9458756700743,98.52991423797822,98.52991423797822,98.52991423797822,10.045116344278817,10.045116344278817,10.045116344278817,88.4847978936994,88.4847978936994,88.4847978936994,0.0,0.0,0.0,698.4757899080525
2010-01-12,601.423416651182,-595.7767468682036,2140.482138425169,601.423416651182,601.423416651182,107.06783579632922,107.06783579632922,107.06783579632922,41.18035735113456,41.18035735113456,41.18035735113456,65.88747844519465,65.88747844519465,65.88747844519465,0.0,0.0,0.0,708.4912524475112
2010-01-13,602.9009516820689,-870.6033180793172,2095.626528049588,602.9009516820689,602.9009516820689,71.93344947400931,71.93344947400931,71.93344947400931,29.71802496727166,29.71802496727166,29.71802496727166,42.21542450673765,42.21542450673765,42.21542450673765,0.0,0.0,0.0,674.8344011560782
2010-01-14,604.3784867129559,-624.6012384885839,2067.9018114222686,604.3784867129559,604.3784867129559,78.75579657727927,78.75579657727927,78.75579657727927,60.96421493216093,60.96421493216093,60.96421493216093,17.79158164511835,17.79158164511835,17.79158164511835,0.0,0.0,0.0,683.1342832902352
2010-01-15,605.8560217438428,-678.5145381522658,2144.6757129840184,605.8560217438428,605.8560217438428,57.670714299284285,57.670714299284285,57.670714299284285,64.73897665770416,64.73897665770416,64.73897665770416,-7.0682623584198785,-7.0682623584198785,-7.0682623584198785,0.0,0.0,0.0,663.5267360431271
2010-01-17,608.8110918056166,-855.1101276197909,1787.9123343379551,608.8110918056166,608.8110918056166,-119.95899322664482,-119.95899322664482,-119.95899322664482,-63.067757579466296,-63.067757579466296,-63.067757579466296,-56.89123564717851,-56.89123564717851,-56.89123564717851,0.0,0.0,0.0,488.8520985789718
2010-01-18,611.2275059865957,-837.277003841566,1924.042459672042,611.2275059865957,611.2275059865957,-71.24480462404352,-71.24480462404352,-71.24480462404352,10.045116344381329,10.045116344381329,10.045116344381329,-81.28992096842485,-81.28992096842485,-81.28992096842485,0.0,0.0,0.0,539.9827013625522
2010-01-19,613.6439201675748,-732.1807829009109,1956.6125856836936,613.6439201675748,613.6439201675748,-63.81961090716116,-63.81961090716116,-63.81961090716116,41.180357351286894,41.180357351286894,41.180357351286894,-104.99996825844805,-104.99996825844805,-104.99996825844805,0.0,0.0,0.0,549.8243092604137
2010-01-20,616.060334348554,-774.845193846694,1881.9955529294234,616.060334348554,616.060334348554,-98.06764223418656,-98.06764223418656,-98.06764223418656,29.71802496750926,29.71802496750926,29.71802496750926,-127.78566720169582,-127.78566720169582,-127.78566720169582,0.0,0.0,0.0,517.9926921143674
2010-01-21,618.4767485295331,-881.1884170402823,1802.5178191066461,618.4767485295331,618.4767485295331,-88.46777936267347,-88.46777936267347,-88.46777936267347,60.96421493214902,60.96421493214902,60.96421493214902,-149.4319942948225,-149.4319942948225,-149.4319942948225,0.0,0.0,0.0,530.0089691668596
2010-01-22,620.8931079102944,-871.3787641188266,1835.394993261051,620.8931079102944,620.8931079102944,-105.00630292856931,-105.00630292856931,-105.00630292856931,64.73897665780598,64.73897665780598,64.73897665780598,-169.7452795863753,-169.7452795863753,-169.7452795863753,0.0,0.0,0.0,515.886804981725
2010-01-24,625.7258266718168,-1075.3760402993746,1661.93120166238,625.7258266718168,625.7258266718168,-268.7756412423715,-268.7756412423715,-268.7756412423715,-63.067757579520276,-63.067757579520276,-63.067757579520276,-205.70788366285117,-205.70788366285117,-205.70788366285117,0.0,0.0,0.0,356.9501854294453
2010-01-25,628.1421860525779,-957.360983372473,1723.0987525754358,628.1421860525779,628.1421860525779,-211.0360481629508,-211.0360481629508,-211.0360481629508,10.045116344483835,10.045116344483835,10.045116344483835,-221.08116450743464,-221.08116450743464,-221.08116450743464,0.0,0.0,0.0,417.1061378896271
2010-01-26,630.5585454333391,-898.1081462730284,1753.8170618724098,630.5585454333391,630.5585454333391,-193.3900974557403,-193.3900974557403,-193.3900974557403,41.18035735120087,41.18035735120087,41.18035735120087,-234.57045480694114,-234.57045480694114,-234.57045480694114,0.0,0.0,0.0,437.1684479775988
2010-01-27,632.974915493423,-938.2240552598897,1779.747393047202,632.974915493423,632.974915493423,-216.37883546326313,-216.37883546326313,-216.37883546326313,29.71802496727842,29.71802496727842,29.71802496727842,-246.0968604305415,-246.0968604305415,-246.0968604305415,0.0,0.0,0.0,416.5960800301599
2010-01-28,635.3912855535069,-881.0650284918726,1940.6990373468793,635.3912855535069,635.3912855535069,-194.64237160744472,-194.64237160744472,-194.64237160744472,60.96421493223846,60.96421493223846,60.96421493223846,-255.60658653968315,-255.60658653968315,-255.60658653968315,0.0,0.0,0.0,440.7489139460622
2010-01-29,637.8076556135908,-863.0806191324418,1681.4508702957987,637.8076556135908,637.8076556135908,-198.3329489533449,-198.3329489533449,-198.3329489533449,64.73897665772732,64.73897665772732,64.73897665772732,-263.07192561107223,-263.07192561107223,-263.07192561107223,0.0,0.0,0.0,439.4747066602459
2010-01-31,642.6394635851767,-1016.7432498139003,1718.5934053445533,642.6394635851767,642.6394635851767,-334.96302850786435,-334.96302850786435,-334.96302850786435,-63.067757579347195,-63.067757579347195,-63.067757579347195,-271.8952709285172,-271.8952709285172,-271.8952709285172,0.0,0.0,0.0,307.67643507731236
2010-02-01,645.0553675709697,-977.3777400797346,1722.6801050794163,645.0553675709697,645.0553675709697,-263.29232039956077,-263.29232039956077,-263.29232039956077,10.04511634458634,10.04511634458634,10.04511634458634,-273.33743674414706,-273.33743674414706,-273.33743674414706,0.0,0.0,0.0,381.7630471714089
2010-02-02,647.4712715567626,-892.6704722264337,1735.2714855752884,647.4712715567626,647.4712715567626,-231.72470711411964,-231.72470711411964,-231.72470711411964,41.18035735144068,41.18035735144068,41.18035735144068,-272.9050644655603,-272.9050644655603,-272.9050644655603,0.0,0.0,0.0,415.74656444264303
2010-02-03,649.8872213312135,-972.3171422293168,1806.1670487076892,649.8872213312135,649.8872213312135,-240.99634476396355,-240.99634476396355,-240.99634476396355,29.718024967360215,29.718024967360215,29.718024967360215,-270.7143697313238,-270.7143697313238,-270.7143697313238,0.0,0.0,0.0,408.89087656724996
2010-02-04,652.3031711056643,-941.2130925872475,1862.651367222138,652.3031711056643,652.3031711056643,-205.94708059217444,-205.94708059217444,-205.94708059217444,60.96421493204286,60.96421493204286,60.96421493204286,-266.91129552421734,-266.91129552421734,-266.91129552421734,0.0,0.0,0.0,446.3560905134899
2010-02-05,654.7191208801152,-920.8966473200885,1719.6301346480682,654.7191208801152,654.7191208801152,-196.93170188726825,-196.93170188726825,-196.93170188726825,64.73897665764868,64.73897665764868,64.73897665764868,-261.6706785449169,-261.6706785449169,-261.6706785449169,0.0,0.0,0.0,457.78741899284694
2010-02-07,659.5510204290167,-974.672069873075,1735.360043712706,659.5510204290167,659.5510204290167,-310.7782777520299,-310.7782777520299,-310.7782777520299,-63.06775757940925,-63.06775757940925,-63.06775757940925,-247.71052017262065,-247.71052017262065,-247.71052017262065,0.0,0.0,0.0,348.7727426769868
2010-02-08,661.9670048675271,-973.8594363299393,1745.1164374509929,661.9670048675271,661.9670048675271,-229.4219796853268,-229.4219796853268,-229.4219796853268,10.045116344333717,10.045116344333717,10.045116344333717,-239.46709602966052,-239.46709602966052,-239.46709602966052,0.0,0.0,0.0,432.5450251822003
2010-02-09,664.3829893060373,-895.6009734310848,1872.3936436726572,664.3829893060373,664.3829893060373,-189.55071533517528,-189.55071533517528,-189.55071533517528,41.18035735135466,41.18035735135466,41.18035735135466,-230.73107268652996,-230.73107268652996,-230.73107268652996,0.0,0.0,0.0,474.83227397086205
2010-02-10,666.7989737445477,-832.7183104243951,1814.3352174420916,666.7989737445477,666.7989737445477,-192.06383145955053,-192.06383145955053,-192.06383145955053,29.718024967207775,29.718024967207775,29.718024967207775,-221.7818564267583,-221.7818564267583,-221.7818564267583,0.0,0.0,0.0,474.7351422849971
2010-02-11,669.2149581830579,-817.9019383424398,1864.0225188906697,669.2149581830579,669.2149581830579,-151.94166072378678,-151.94166072378678,-151.94166072378678,60.96421493221464,60.96421493221464,60.96421493221464,-212.9058756560014,-212.9058756560014,-212.9058756560014,0.0,0.0,0.0,517.2732974592711
2010-02-12,671.9709019998329,-760.8260251963109,1962.3235757075752,671.9709019998329,671.9709019998329,-139.65117316397027,-139.65117316397027,-139.65117316397027,64.73897665757002,64.73897665757002,64.73897665757002,-204.3901498215403,-204.3901498215403,-204.3901498215403,0.0,0.0,0.0,532.3197288358626
2010-02-14,677.4827896333829,-917.0087443585528,1768.119368250328,677.4827896333829,677.4827896333829,-252.615992866143,-252.615992866143,-252.615992866143,-63.06775757934972,-63.06775757934972,-63.06775757934972,-189.54823528679324,-189.54823528679324,-189.54823528679324,0.0,0.0,0.0,424.86679676724
2010-02-15,680.238733450158,-881.7926874260177,1798.7895853303871,680.238733450158,680.238733450158,-173.6894594308189,-173.6894594308189,-173.6894594308189,10.045116344631488,10.045116344631488,10.045116344631488,-183.7345757754504,-183.7345757754504,-183.7345757754504,0.0,0.0,0.0,506.549274019339
2010-02-16,682.9946772669329,-711.3042471696762,1938.3945950991929,682.9946772669329,682.9946772669329,-138.11095765454013,-138.11095765454013,-138.11095765454013,41.18035735111775,41.18035735111775,41.18035735111775,-179.29131500565785,-179.29131500565785,-179.29131500565785,0.0,0.0,0.0,544.8837196123927
2010-02-17,685.7506125974118,-798.2302677555066,1925.0239156366224,685.7506125974118,685.7506125974118,-146.68170095273692,-146.68170095273692,-146.68170095273692,29.718024967523796,29.718024967523796,29.718024967523796,-176.39972592026072,-176.39972592026072,-176.39972592026072,0.0,0.0,0.0,539.0689116446748
2010-02-18,688.5065479278908,-803.5398511876965,1901.2539883125874,688.5065479278908,688.5065479278908,-114.234724057325,-114.234724057325,-114.234724057325,60.96421493230407,60.96421493230407,60.96421493230407,-175.19893898962906,-175.19893898962906,-175.19893898962906,0.0,0.0,0.0,574.2718238705658
2010-02-19,691.2624832583698,-605.3803081430777,2027.477341096878,691.2624832583698,691.2624832583698,-111.0414367831553,-111.0414367831553,-111.0414367831553,64.73897665767184,64.73897665767184,64.73897665767184,-175.78041344082715,-175.78041344082715,-175.78041344082715,0.0,0.0,0.0,580.2210464752145
2010-02-21,696.7742522273446,-961.4605666927705,1746.437646462167,696.7742522273446,696.7742522273446,-245.4605832683829,-245.4605832683829,-245.4605832683829,-63.067757579176636,-63.067757579176636,-63.067757579176636,-182.39282568920626,-182.39282568920626,-182.39282568920626,0.0,0.0,0.0,451.3136689589617
2010-02-22,699.5301367118321,-701.1883285566515,1972.1669804156743,699.5301367118321,699.5301367118321,-178.29111283598107,-178.29111283598107,-178.29111283598107,10.04511634453873,10.04511634453873,10.04511634453873,-188.3362291805198,-188.3362291805198,-188.3362291805198,0.0,0.0,0.0,521.2390238758511
2010-02-23,702.2860211963198,-819.9384473884998,1872.5082645186162,702.2860211963198,702.2860211963198,-154.70550985685972,-154.70550985685972,-154.70550985685972,41.180357351119184,41.180357351119184,41.180357351119184,-195.8858672079789,-195.8858672079789,-195.8858672079789,0.0,0.0,0.0,547.58051133946
2010-02-24,705.0419056808072,-773.021168372586,1879.5840241892702,705.0419056808072,705.0419056808072,-175.14211345464534,-175.14211345464534,-175.14211345464534,29.718024967292955,29.718024967292955,29.718024967292955,-204.86013842193827,-204.86013842193827,-204.86013842193827,0.0,0.0,0.0,529.8997922261618
2010-02-25,707.7977732679379,-751.7279406150074,1939.9587564946094,707.7977732679379,707.7977732679379,-154.06373093617384,-154.06373093617384,-154.06373093617384,60.964214932292165,60.964214932292165,60.964214932292165,-215.027945868466,-215.027945868466,-215.027945868466,0.0,0.0,0.0,553.7340423317642
2010-02-26,710.5536408550687,-938.0931325553202,1772.2541076640205,710.5536408550687,710.5536408550687,-161.37580692838586,-161.37580692838586,-161.37580692838586,64.73897665768997,64.73897665768997,64.73897665768997,-226.11478358607584,-226.11478358607584,-226.11478358607584,0.0,0.0,0.0,549.1778339266829
2010-02-28,716.06537602933,-1010.3808102864572,1748.5941669180374,716.06537602933,716.06537602933,-312.8471964172089,-312.8471964172089,-312.8471964172089,-63.06775757923063,-63.06775757923063,-63.06775757923063,-249.77943883797826,-249.77943883797826,-249.77943883797826,0.0,0.0,0.0,403.21817961212105
2010-03-01,718.8212699425637,-899.4117970725922,1803.395450650484,718.8212699425637,718.8212699425637,-251.62500251316712,-251.62500251316712,-251.62500251316712,10.045116344286082,10.045116344286082,10.045116344286082,-261.6701188574532,-261.6701188574532,-261.6701188574532,0.0,0.0,0.0,467.1962674293966
2010-03-02,721.5771638557976,-916.8770757712651,1848.7976786578397,721.5771638557976,721.5771638557976,-231.94812553129287,-231.94812553129287,-231.94812553129287,41.18035735127153,41.18035735127153,41.18035735127153,-273.1284828825644,-273.1284828825644,-273.1284828825644,0.0,0.0,0.0,489.62903832450473
2010-03-03,724.3330577690315,-983.5474291389514,1860.086064014953,724.3330577690315,724.3330577690315,-254.09199077935756,-254.09199077935756,-254.09199077935756,29.718024967374756,29.718024967374756,29.718024967374756,-283.81001574673235,-283.81001574673235,-283.81001574673235,0.0,0.0,0.0,470.2410669896739
2010-03-04,727.0888611509582,-856.3998585586055,1928.7190910047584,727.0888611509582,727.0888611509582,-232.4287011782771,-232.4287011782771,-232.4287011782771,60.96421493246395,60.96421493246395,60.96421493246395,-293.392916110741,-293.392916110741,-293.392916110741,0.0,0.0,0.0,494.66015997268113
2010-03-05,729.8446645328851,-736.3931564721142,1859.7604901099755,729.8446645328851,729.8446645328851,-236.85202303292505,-236.85202303292505,-236.85202303292505,64.7389766577918,64.7389766577918,64.7389766577918,-301.59099969071684,-301.59099969071684,-301.59099969071684,0.0,0.0,0.0,492.99264149996003
2010-03-07,735.3562712967387,-950.5961456235199,1645.935000583907,735.3562712967387,735.3562712967387,-376.00637247852046,-376.00637247852046,-376.00637247852046,-63.06775757929269,-63.06775757929269,-63.06775757929269,-312.9386148992278,-312.9386148992278,-312.9386148992278,0.0,0.0,0.0,359.3498988182182
2010-03-08,738.112095064302,-971.9348600580265,1778.7489634405165,738.112095064302,738.112095064302,-305.75318267197684,-305.75318267197684,-305.75318267197684,10.04511634438859,10.04511634438859,10.04511634438859,-315.79829901636543,-315.79829901636543,-315.79829901636543,0.0,0.0,0.0,432.3589123923252
2010-03-09,740.867918831865,-880.3679413696024,1788.82377590534,740.867918831865,740.867918831865,-275.5301800163081,-275.5301800163081,-275.5301800163081,41.1803573511855,41.1803573511855,41.1803573511855,-316.7105373674936,-316.7105373674936,-316.7105373674936,0.0,0.0,0.0,465.3377388155569
2010-03-10,743.6237425994284,-907.7253791049847,1814.9254050321385,743.6237425994284,743.6237425994284,-286.0039646233494,-286.0039646233494,-286.0039646233494,29.718024967456547,29.718024967456547,29.718024967456547,-315.721989590806,-315.721989590806,-315.721989590806,0.0,0.0,0.0,457.619777976079
2010-03-11,746.3795364874828,-811.2112931573156,1841.6917555147998,746.3795364874828,746.3795364874828,-251.99844948545703,-251.99844948545703,-251.99844948545703,60.96421493226834,60.96421493226834,60.96421493226834,-312.96266441772536,-312.96266441772536,-312.96266441772536,0.0,0.0,0.0,494.38108700202577
2010-03-12,749.1353303755371,-879.8181500413548,1929.0056487158276,749.1353303755371,749.1353303755371,-243.9060277869727,-243.9060277869727,-243.9060277869727,64.73897665808721,64.73897665808721,64.73897665808721,-308.6450044450599,-308.6450044450599,-308.6450044450599,0.0,0.0,0.0,505.22930258856445
2010-03-14,754.6469181516458,-1000.0664465773011,1684.3316155504112,754.6469181516458,754.6469181516458,-359.63567217399594,-359.63567217399594,-359.63567217399594,-63.067757579233145,-63.067757579233145,-63.067757579233145,-296.56791459476284,-296.56791459476284,-296.56791459476284,0.0,0.0,0.0,395.0112459776498
2010-03-15,757.4027120397001,-927.3969379306304,1726.382823227318,757.4027120397001,757.4027120397001,-279.54551596904554,-279.54551596904554,-279.54551596904554,10.045116344331229,10.045116344331229,10.045116344331229,-289.5906323133768,-289.5906323133768,-289.5906323133768,0.0,0.0,0.0,477.85719607065454
2010-03-16,760.1585059277545,-976.553515273381,1848.890571259561,760.1585059277545,760.1585059277545,-241.41376596884191,-241.41376596884191,-241.41376596884191,41.180357351337825,41.180357351337825,41.180357351337825,-282.59412332017973,-282.59412332017973,-282.59412332017973,0.0,0.0,0.0,518.7447399589125
2010-03-17,762.9141962801012,-829.5913663994687,1951.435275778622,762.9141962801012,762.9141962801012,-246.354909307993,-246.354909307993,-246.354909307993,29.718024967459932,29.718024967459932,29.718024967459932,-276.072934275453,-276.072934275453,-276.072934275453,0.0,0.0,0.0,516.5592869721082
2010-03-18,765.6698866324481,-790.5795598897045,1957.8513552123786,765.6698866324481,765.6698866324481,-209.56588253489133,-209.56588253489133,-209.56588253489133,60.96421493235777,60.96421493235777,60.96421493235777,-270.5300974672491,-270.5300974672491,-270.5300974672491,0.0,0.0,0.0,556.1040040975568
2010-03-19,768.4255769847948,-805.6595474327486,2007.3270480622218,768.4255769847948,768.4255769847948,-201.71630559434055,-201.71630559434055,-201.71630559434055,64.73897665791176,64.73897665791176,64.73897665791176,-266.45528225225235,-266.45528225225235,-266.45528225225235,0.0,0.0,0.0,566.7092713904542
2010-03-21,773.9369576894885,-951.8319595420785,1816.5453288463248,773.9369576894885,773.9369576894885,-327.52849491657963,-327.52849491657963,-327.52849491657963,-63.0677575791736,-63.0677575791736,-63.0677575791736,-264.460737337406,-264.460737337406,-264.460737337406,0.0,0.0,0.0,446.4084627729089
2010-03-22,776.6926480418352,-898.6557506105476,1860.659000577692,776.6926480418352,776.6926480418352,-257.1951103186548,-257.1951103186548,-257.1951103186548,10.045116344469161,10.045116344469161,10.045116344469161,-267.24022666312396,-267.24022666312396,-267.24022666312396,0.0,0.0,0.0,519.4975377231804
2010-03-23,779.4483383941821,-749.9741739987321,1908.6992909778933,779.4483383941821,779.4483383941821,-231.6582385823005,-231.6582385823005,-231.6582385823005,41.180357351100916,41.180357351100916,41.180357351100916,-272.83859593340145,-272.83859593340145,-272.83859593340145,0.0,0.0,0.0,547.7900998118816
2010-03-24,782.2040287465288,-823.7496752678285,1822.4160451759801,782.2040287465288,782.2040287465288,-251.6062957879795,-251.6062957879795,-251.6062957879795,29.7180249673075,29.7180249673075,29.7180249673075,-281.324320755287,-281.324320755287,-281.324320755287,0.0,0.0,0.0,530.5977329585494
2010-03-25,784.9597190988756,-720.4484814808652,1880.094290786732,784.9597190988756,784.9597190988756,-231.65217135683662,-231.65217135683662,-231.65217135683662,60.96421493234587,60.96421493234587,60.96421493234587,-292.61638628918246,-292.61638628918246,-292.61638628918246,0.0,0.0,0.0,553.3075477420389
2010-03-26,787.7154094512224,-748.1801355093301,1894.8191886660488,787.7154094512224,787.7154094512224,-241.72932816064426,-241.72932816064426,-241.72932816064426,64.73897665773632,64.73897665773632,64.73897665773632,-306.4683048183806,-306.4683048183806,-306.4683048183806,0.0,0.0,0.0,545.9860812905781
2010-03-28,793.2267901559161,-950.9400445762848,1706.7406805999394,793.2267901559161,793.2267901559161,-403.03959641316055,-403.03959641316055,-403.03959641316055,-63.06775757934918,-63.06775757934918,-63.06775757934918,-339.9718388338114,-339.9718388338114,-339.9718388338114,0.0,0.0,0.0,390.18719374275554
2010-03-29,795.9824805082629,-878.1210368559756,1766.1764224646035,795.9824805082629,795.9824805082629,-348.17556533412716,-348.17556533412716,-348.17556533412716,10.045116344376389,10.045116344376389,10.045116344376389,-358.2206816785036,-358.2206816785036,-358.2206816785036,0.0,0.0,0.0,447.8069151741358
2010-03-30,798.7381708606097,-934.0099659225634,1779.71287705157,798.7381708606097,798.7381708606097,-335.0459493734025,-335.0459493734025,-335.0459493734025,41.18035735125326,41.18035735125326,41.18035735125326,-376.2263067246557,-376.2263067246557,-376.2263067246557,0.0,0.0,0.0,463.6922214872072
2010-03-31,801.4938612129564,-873.6255336987762,1798.091870219323,801.4938612129564,801.4938612129564,-363.12262227145845,-363.12262227145845,-363.12262227145845,29.718024967389283,29.718024967389283,29.718024967389283,-392.84064723884774,-392.84064723884774,-392.84064723884774,0.0,0.0,0.0,438.37123894149795
2010-04-01,804.2495515653032,-868.1077123730918,1807.9259987716648,804.2495515653032,804.2495515653032,-345.79651058083175,-345.79651058083175,-345.79651058083175,60.9642149322516,60.9642149322516,60.9642149322516,-406.7607255130833,-406.7607255130833,-406.7607255130833,0.0,0.0,0.0,458.4530409844715
2010-04-06,818.0280033270371,-913.5741946536326,1697.3259173870567,818.0280033270371,818.0280033270371,-341.71503585836774,-341.71503585836774,-341.71503585836774,41.18035735140558,41.18035735140558,41.18035735140558,-382.89539320977326,-382.89539320977326,-382.89539320977326,0.0,0.0,0.0,476.3129674686694
2010-04-07,820.7836936793841,-932.0786056645285,1887.0907338226657,820.7836936793841,820.7836936793841,-318.52121783522284,-318.52121783522284,-318.52121783522284,29.71802496723685,29.71802496723685,29.71802496723685,-348.2392428024597,-348.2392428024597,-348.2392428024597,0.0,0.0,0.0,502.26247584416126
2010-04-08,823.539384031731,-737.3815299603035,1789.5029088985907,823.539384031731,823.539384031731,-239.099470224093,-239.099470224093,-239.099470224093,60.964214932157326,60.964214932157326,60.964214932157326,-300.06368515625036,-300.06368515625036,-300.06368515625036,0.0,0.0,0.0,584.4399138076379
2010-04-09,826.2950743840777,-752.7676801009616,1948.0287573582957,826.2950743840777,826.2950743840777,-172.35189766309568,-172.35189766309568,-172.35189766309568,64.73897665785627,64.73897665785627,64.73897665785627,-237.09087432095194,-237.09087432095194,-237.09087432095194,0.0,0.0,0.0,653.943176720982
2010-04-10,829.0507647364244,-851.5564930364457,1885.1144102112214,829.0276644693184,829.079179535114,-301.8353824790728,-301.8353824790728,-301.8353824790728,-143.5789326738118,-143.5789326738118,-143.5789326738118,-158.25644980526098,-158.25644980526098,-158.25644980526098,0.0,0.0,0.0,527.2153822573516
2010-04-11,831.8064550887711,-584.2108005594446,2080.2314152507042,831.7481433746844,831.882592557045,-125.82543742904404,-125.82543742904404,-125.82543742904404,-63.06775757911657,-63.06775757911657,-63.06775757911657,-62.75767984992748,-62.75767984992748,-62.75767984992748,0.0,0.0,0.0,705.9810176597271
2010-04-12,834.5621454411181,-554.9156120000415,2207.203581852545,834.4514631999215,834.6917731741521,59.946842403290276,59.946842403290276,59.946842403290276,10.045116344386122,10.045116344386122,10.045116344386122,49.90172605890416,49.90172605890416,49.90172605890416,0.0,0.0,0.0,894.5089878444084
2010-04-13,837.317835793465,-334.52069118148796,2445.639047310165,837.1474674723729,837.5134934129287,221.0519341846205,221.0519341846205,221.0519341846205,41.18035735116868,41.18035735116868,41.18035735116868,179.87157683345183,179.87157683345183,179.87157683345183,0.0,0.0,0.0,1058.3697699780855
2010-04-14,840.0735261458117,-128.6534394321096,2557.3175896219477,839.840052919247,840.3352045409443,356.63934536256374,356.63934536256374,356.63934536256374,29.71802496747447,29.71802496747447,29.71802496747447,326.92132039508925,326.92132039508925,326.92132039508925,0.0,0.0,0.0,1196.7128715083754
2010-04-15,842.8292164981584,61.24424222403307,2731.5992036083644,842.5092805192495,843.1557434240508,551.3778347875641,551.3778347875641,551.3778347875641,60.96421493214542,60.96421493214542,60.96421493214542,490.41361985541874,490.41361985541874,490.41361985541874,0.0,0.0,0.0,1394.2070512857226
2010-04-16,845.5849068505053,291.1275509899427,2847.093662461012,845.1687373194461,846.0061558322143,734.0255215304452,734.0255215304452,734.0255215304452,64.7389766577776,64.7389766577776,64.7389766577776,669.2865448726675,669.2865448726675,669.2865448726675,0.0,0.0,0.0,1579.6104283809505
2010-04-17,848.3405972028521,285.98147126263973,2876.12228180486,847.837267995574,848.8730408503451,718.4664314296955,718.4664314296955,718.4664314296955,-143.57893267388832,-143.57893267388832,-143.57893267388832,862.0453641035838,862.0453641035838,862.0453641035838,0.0,0.0,0.0,1566.8070286325476
2010-04-18,851.096287555199,472.7915418586374,3205.212511535788,850.5107003189115,851.7247634144434,1003.6969580487882,1003.6969580487882,1003.6969580487882,-63.06775757952729,-63.06775757952729,-63.06775757952729,1066.7647156283156,1066.7647156283156,1066.7647156283156,0.0,0.0,0.0,1854.793245603987
2010-04-19,853.8519779075458,844.3921561611393,3542.5169089581073,853.1747928532665,854.5892619609166,1291.1468084888718,1291.1468084888718,1291.1468084888718,10.045116344328754,10.045116344328754,10.045116344328754,1281.1016921445432,1281.1016921445432,1281.1016921445432,0.0,0.0,0.0,2144.9987863964175
2010-04-20,856.6076682598925,1005.5021437832285,3764.2148013932956,855.8075752487616,857.4423868092581,1543.5004694798781,1543.5004694798781,1543.5004694798781,41.180357351321,41.180357351321,41.180357351321,1502.320112128557,1502.320112128557,1502.320112128557,0.0,0.0,0.0,2400.1081377397704
2010-04-21,859.3633586122393,1272.6406317910735,4033.542271516634,858.4642707062206,860.2917103702554,1757.0439883825393,1757.0439883825393,1757.0439883825393,29.718024967322027,29.718024967322027,29.718024967322027,1727.325963415217,1727.325963415217,1727.325963415217,0.0,0.0,0.0,2616.4073469947784
2010-04-22,862.119048964586,1491.6911007577614,4272.079985360518,861.08344615234,863.1584221630167,2013.6779237760718,2013.6779237760718,2013.6779237760718,60.9642149321335,60.9642149321335,60.9642149321335,1952.7137088439383,1952.7137088439383,1952.7137088439383,0.0,0.0,0.0,2875.796972740658
2010-04-23,864.8747393169328,1777.6069280629176,4330.677698218693,863.7365503042257,866.0308676568384,2239.5618192149277,2239.5618192149277,2239.5618192149277,64.73897665760217,64.73897665760217,64.73897665760217,2174.8228425573257,2174.8228425573257,2174.8228425573257,0.0,0.0,0.0,3104.4365585318606
2010-04-24,867.6304296692798,1722.132328364427,4439.622367883289,866.322341524824,868.9411748100143,2246.224855624427,2246.224855624427,2246.224855624427,-143.57893267375528,-143.57893267375528,-143.57893267375528,2389.8037882981826,2389.8037882981826,2389.8037882981826,0.0,0.0,0.0,3113.855285293707
2010-04-25,870.3861200216265,2086.0576262388236,4706.865304840539,868.9690396392391,871.8113956312458,2530.624188390537,2530.624188390537,2530.624188390537,-63.067757579581276,-63.067757579581276,-63.067757579581276,2593.691945970118,2593.691945970118,2593.691945970118,0.0,0.0,0.0,3401.0103084121633
2010-04-26,873.1418103739733,2287.700945128919,5099.051704070092,871.5773171078692,874.7098801063034,2792.5335443346544,2792.5335443346544,2792.5335443346544,10.045116344431275,10.045116344431275,10.045116344431275,2782.4884279902235,2782.4884279902235,2782.4884279902235,0.0,0.0,0.0,3665.6753547086278
2010-04-27,875.89750072632,2474.855668071207,5311.466718914151,874.1824973074985,877.5983249195876,2993.4261479358706,2993.4261479358706,2993.4261479358706,41.180357351234974,41.180357351234974,41.180357351234974,2952.2457905846354,2952.2457905846354,2952.2457905846354,0.0,0.0,0.0,3869.323648662191
2010-04-28,878.6531910786669,2648.5776166459873,5348.402408893306,876.7988012935234,880.5015647941478,3128.8748895243543,3128.8748895243543,3128.8748895243543,29.718024967559646,29.718024967559646,29.718024967559646,3099.1568645567945,3099.1568645567945,3099.1568645567945,0.0,0.0,0.0,4007.5280806030214
2010-04-29,881.4088814310138,2859.7087531587513,5545.607080106347,879.4411964271587,883.4020838451162,3280.608846813526,3280.608846813526,3280.608846813526,60.964214932222944,60.964214932222944,60.964214932222944,3219.644631881303,3219.644631881303,3219.644631881303,0.0,0.0,0.0,4162.017728244539
2010-04-30,884.1645717833605,2969.4311329338134,5610.811443266966,882.0798141240934,886.3229812189145,3375.1899611294602,3375.1899611294602,3375.1899611294602,64.73897665780078,64.73897665780078,64.73897665780078,3310.4509844716595,3310.4509844716595,3310.4509844716595,0.0,0.0,0.0,4259.354532912821
2010-05-01,886.9202621357073,2772.7504689494676,5476.1201581588475,884.6597868309851,889.2463126928311,3225.143211593072,3225.143211593072,3225.143211593072,-143.57893267383184,-143.57893267383184,-143.57893267383184,3368.7221442669043,3368.7221442669043,3368.7221442669043,0.0,0.0,0.0,4112.063473728779
2010-05-02,889.675952488054,2890.174104761845,5579.255944026752,887.2790154283599,892.1045049462657,3329.0207650317857,3329.0207650317857,3329.0207650317857,-63.0677575794082,-63.0677575794082,-63.0677575794082,3392.0885226111945,3392.0885226111945,3392.0885226111945,0.0,0.0,0.0,4218.69671751984
2010-05-03,892.431642840401,2925.1799508258573,5590.00453386067,889.8173790489269,895.0421195499666,3388.7819700271375,3388.7819700271375,3388.7819700271375,10.04511634453378,10.04511634453378,10.04511634453378,3378.7368536826034,3378.7368536826034,3378.7368536826034,0.0,0.0,0.0,4281.213612867538
2010-05-04,895.1873331927478,2887.3154064207124,5619.381025147524,892.3477612025474,898.003794121341,3368.652909124342,3368.652909124342,3368.652909124342,41.18035735138731,41.18035735138731,41.18035735138731,3327.472551772955,3327.472551772955,3327.472551772955,0.0,0.0,0.0,4263.84024231709
2010-05-05,897.9430235450945,2739.294745452434,5472.265560218684,894.8860150238432,900.9647612727119,3267.4884392868453,3267.4884392868453,3267.4884392868453,29.718024967328798,29.718024967328798,29.718024967328798,3237.770414319516,3237.770414319516,3237.770414319516,0.0,0.0,0.0,4165.43146283194
2010-05-06,900.6987138974413,2683.9783109691684,5445.791084864318,897.4368146677336,903.8364167305261,3170.7762338505686,3170.7762338505686,3170.7762338505686,60.96421493202733,60.96421493202733,60.96421493202733,3109.8120189185415,3109.8120189185415,3109.8120189185415,0.0,0.0,0.0,4071.47494774801
2010-05-07,903.454404249788,2508.671203704,5233.643910736773,899.9899205270367,906.730936999274,3009.2474154717893,3009.2474154717893,3009.2474154717893,64.73897665772212,64.73897665772212,64.73897665772212,2944.508438814067,2944.508438814067,2944.508438814067,0.0,0.0,0.0,3912.7018197215775
2010-05-08,906.2100946021349,2115.710633373267,4825.904221354202,902.555244797058,909.6352848320425,2599.928288989094,2599.928288989094,2599.928288989094,-143.57893267389906,-143.57893267389906,-143.57893267389906,2743.507221662993,2743.507221662993,2743.507221662993,0.0,0.0,0.0,3506.1383835912293
2010-05-09,908.9657849544817,2005.1439415035238,4764.400631110438,905.1609493597706,912.6058364271022,2446.1151760714947,2446.1151760714947,2446.1151760714947,-63.067757579348665,-63.067757579348665,-63.067757579348665,2509.1829336508436,2509.1829336508436,2509.1829336508436,0.0,0.0,0.0,3355.0809610259766
2010-05-10,911.7214753068286,1742.691474901351,4557.696988611853,907.7825381281749,915.5864714080406,2254.656073251808,2254.656073251808,2254.656073251808,10.04511634428114,10.04511634428114,10.04511634428114,2244.6109569075265,2244.6109569075265,2244.6109569075265,0.0,0.0,0.0,3166.3775485586366
2010-05-11,914.4771656591754,1539.7155885301854,4241.385531787467,910.349919776146,918.4618278437486,1994.7049906795057,1994.7049906795057,1994.7049906795057,41.180357351388764,41.180357351388764,41.180357351388764,1953.524633328117,1953.524633328117,1953.524633328117,0.0,0.0,0.0,2909.182156338681
2010-05-12,917.2328560115221,1125.245594183598,3906.2301064370654,912.8697362347743,921.5247569483863,1669.9742872302286,1669.9742872302286,1669.9742872302286,29.71802496717637,29.71802496717637,29.71802496717637,1640.2562622630521,1640.2562622630521,1640.2562622630521,0.0,0.0,0.0,2587.2071432417506
2010-05-13,919.9885463638689,838.6740450692861,3652.531813066394,915.4441410781442,924.5041398296867,1370.6270875069265,1370.6270875069265,1370.6270875069265,60.96421493219912,60.96421493219912,60.96421493219912,1309.6628725747275,1309.6628725747275,1309.6628725747275,0.0,0.0,0.0,2290.615633870795
2010-05-14,922.7442367162157,579.9097433719911,3287.65878088402,918.0126344099568,927.4574360404131,1031.7770670926259,1031.7770670926259,1031.7770670926259,64.73897665764346,64.73897665764346,64.73897665764346,967.0380904349823,967.0380904349823,967.0380904349823,0.0,0.0,0.0,1954.5213038088416
2010-05-15,925.4999270685627,119.6164342422893,2767.426216030342,920.5854848413001,930.4033161725011,474.4328695264242,474.4328695264242,474.4328695264242,-143.5789326735843,-143.5789326735843,-143.5789326735843,618.0118022000086,618.0118022000086,618.0118022000086,0.0,0.0,0.0,1399.932796594987
2010-05-16,928.2556174209094,-60.00059876368626,2533.3357169637484,923.1856119480171,933.3726120148946,205.37189887269886,205.37189887269886,205.37189887269886,-63.067757579410724,-63.067757579410724,-63.067757579410724,268.4396564521096,268.4396564521096,268.4396564521096,0.0,0.0,0.0,1133.6275162936083
2010-05-17,931.0113077732561,-558.0638190968144,2178.8150174404373,925.7796165768468,936.2939003235351,-65.6701326307712,-65.6701326307712,-65.6701326307712,10.045116344578924,10.045116344578924,10.045116344578924,-75.71524897535014,-75.71524897535014,-75.71524897535014,0.0,0.0,0.0,865.3411751424849
2010-05-18,933.7669981256029,-819.4711886061554,1830.4351072967802,928.316484957683,939.2383867491124,-367.32554195590234,-367.32554195590234,-367.32554195590234,41.18035735130274,41.18035735130274,41.18035735130274,-408.5058993072051,-408.5058993072051,-408.5058993072051,0.0,0.0,0.0,566.4414561697006
2010-05-19,936.5226884779497,-1076.9857372042177,1590.9774260656852,930.8193676868398,942.1757047541356,-694.409303377202,-694.409303377202,-694.409303377202,29.71802496749238,29.71802496749238,29.71802496749238,-724.1273283446943,-724.1273283446943,-724.1273283446943,0.0,0.0,0.0,242.11338510074768
2010-05-20,939.2783788302967,-1323.6155795448797,1351.088297934875,933.386856413506,945.1246491473615,-956.0778914939406,-956.0778914939406,-956.0778914939406,60.964214932187204,60.964214932187204,60.964214932187204,-1017.0421064261278,-1017.0421064261278,-1017.0421064261278,0.0,0.0,0.0,-16.799512663643895
2010-05-21,942.0340691826434,-1637.3535059943258,1113.8437856294997,935.8917777711961,948.0875340774943,-1217.3634091142258,-1217.3634091142258,-1217.3634091142258,64.73897665774528,64.73897665774528,64.73897665774528,-1282.1023857719708,-1282.1023857719708,-1282.1023857719708,0.0,0.0,0.0,-275.32933993158235
2010-05-22,944.7897595349901,-2103.7876353420133,665.5029148103116,938.4546038629586,951.1254640844046,-1658.2444898933907,-1658.2444898933907,-1658.2444898933907,-143.57893267365156,-143.57893267365156,-143.57893267365156,-1514.6655572197392,-1514.6655572197392,-1514.6655572197392,0.0,0.0,0.0,-713.4547303584005
2010-05-23,947.5454498873369,-2195.3793249585524,556.6043081413678,940.9711378550213,954.1096368776888,-1773.7684233146508,-1773.7684233146508,-1773.7684233146508,-63.067757579237636,-63.067757579237636,-63.067757579237636,-1710.7006657354134,-1710.7006657354134,-1710.7006657354134,0.0,0.0,0.0,-826.222973427314
2010-05-24,950.3011402396836,-2177.690010061943,433.7859686404418,943.4604987087572,957.0486338646973,-1856.8377825962498,-1856.8377825962498,-1856.8377825962498,10.045116344486166,10.045116344486166,10.045116344486166,-1866.8828989407357,-1866.8828989407357,-1866.8828989407357,0.0,0.0,0.0,-906.5366423565662
2010-05-25,953.0568305920306,-2207.205017193452,438.41844075826896,945.9749087807905,960.0576613564427,-1939.493343062407,-1939.493343062407,-1939.493343062407,41.18035735121671,41.18035735121671,41.18035735121671,-1980.6737004136235,-1980.6737004136235,-1980.6737004136235,0.0,0.0,0.0,-986.4365124703763
2010-05-26,955.8125209443774,-2373.3027400012,230.25829126620226,948.5047885661402,963.0704552737706,-2020.6663379729719,-2020.6663379729719,-2020.6663379729719,29.71802496726154,29.71802496726154,29.71802496726154,-2050.3843629402336,-2050.3843629402336,-2050.3843629402336,0.0,0.0,0.0,-1064.8538170285944
2010-05-27,958.5682112967241,-2419.0028837281525,273.2663387382288,951.0551800856465,966.088849933276,-2014.2571047704823,-2014.2571047704823,-2014.2571047704823,60.96421493227664,60.96421493227664,60.96421493227664,-2075.221319702759,-2075.221319702759,-2075.221319702759,0.0,0.0,0.0,-1055.688893473758
2010-05-28,961.3239016490709,-2230.713676039663,362.7073513354576,953.5508558591353,969.0860773116516,-1990.5727887529756,-1990.5727887529756,-1990.5727887529756,64.73897665776343,64.73897665776343,64.73897665776343,-2055.3117654107386,-2055.3117654107386,-2055.3117654107386,0.0,0.0,0.0,-1029.2488871039047
2010-05-29,964.0795920014176,-2537.560642977161,98.4888128476864,956.1104885627046,972.0240801870021,-2135.28762756926,-2135.28762756926,-2135.28762756926,-143.5789326737188,-143.5789326737188,-143.5789326737188,-1991.7086948955412,-1991.7086948955412,-1991.7086948955412,0.0,0.0,0.0,-1171.2080355678427
2010-05-30,966.8352823537646,-2342.88400766242,317.90792534652917,958.5576672742009,974.9840211880681,-1949.4426903890028,-1949.4426903890028,-1949.4426903890028,-63.06775757929164,-63.06775757929164,-63.06775757929164,-1886.374932809711,-1886.374932809711,-1886.374932809711,0.0,0.0,0.0,-982.6074080352382
2010-05-31,969.5909727061114,-2256.085028808685,550.036718056418,961.0638217023617,978.000262298634,-1732.1011165413997,-1732.1011165413997,-1732.1011165413997,10.045116344588674,10.045116344588674,10.045116344588674,-1742.1462328859884,-1742.1462328859884,-1742.1462328859884,0.0,0.0,0.0,-762.5101438352883
2010-06-01,972.3466630584581,-1895.4484093932656,784.0641460290954,963.4675955211507,981.1530519559799,-1521.4936787798654,-1521.4936787798654,-1521.4936787798654,41.180357351305624,41.180357351305624,41.180357351305624,-1562.6740361311713,-1562.6740361311713,-1562.6740361311713,0.0,0.0,0.0,-549.1470157214072
2010-06-02,975.102353410805,-1738.9645933941308,961.1214625914357,966.0624267821992,984.1156173877077,-1322.6309564719663,-1322.6309564719663,-1322.6309564719663,29.718024967343343,29.718024967343343,29.718024967343343,-1352.3489814393097,-1352.3489814393097,-1352.3489814393097,0.0,0.0,0.0,-347.52860306116133
2010-06-03,977.8580437631517,-1391.0617707115155,1210.964235369813,968.651889027358,987.156600268676,-1055.24253150842,-1055.24253150842,-1055.24253150842,60.96421493244843,60.96421493244843,60.96421493244843,-1116.2067464408683,-1116.2067464408683,-1116.2067464408683,0.0,0.0,0.0,-77.38448774526819
2010-06-04,980.6137341154986,-1129.7632096747077,1566.3935519843767,971.122629484073,990.0834054625207,-795.0792716396555,-795.0792716396555,-795.0792716396555,64.73897665758797,64.73897665758797,64.73897665758797,-859.8182482972435,-859.8182482972435,-859.8182482972435,0.0,0.0,0.0,185.53446247584304
2010-06-05,983.3694244678455,-1030.9215265945375,1605.1485102857466,973.6569930026947,993.2757597669265,-732.745574355046,-732.745574355046,-732.745574355046,-143.57893267378606,-143.57893267378606,-143.57893267378606,-589.1666416812599,-589.1666416812599,-589.1666416812599,0.0,0.0,0.0,250.62385011279957
2010-06-06,986.1251148201923,-853.8430394281554,1941.9367091118686,976.2101013459338,996.3697991726181,-373.5816608687428,-373.5816608687428,-373.5816608687428,-63.06775757935367,-63.06775757935367,-63.06775757935367,-310.5139032893891,-310.5139032893891,-310.5139032893891,0.0,0.0,0.0,612.5434539514495
2010-06-07,988.880805172539,-331.34997075138284,2337.844819680943,978.6543897149094,999.4868490470228,-20.214962899341348,-20.214962899341348,-20.214962899341348,10.04511634433603,10.04511634433603,10.04511634433603,-30.260079243677378,-30.260079243677378,-30.260079243677378,0.0,0.0,0.0,968.6658422731977
2010-06-08,991.6364955248857,-58.485109091148814,2675.169281125809,981.0555739297032,1002.6567175471027,286.3818718818908,286.3818718818908,286.3818718818908,41.180357351219605,41.180357351219605,41.180357351219605,245.20151453067115,245.20151453067115,245.20151453067115,0.0,0.0,0.0,1278.0183674067766
2010-06-09,994.3921858772325,133.5946346729411,2888.7003494922374,983.4891359352879,1005.7095904912204,539.3477397207257,539.3477397207257,539.3477397207257,29.718024967425134,29.718024967425134,29.718024967425134,509.6297147533006,509.6297147533006,509.6297147533006,0.0,0.0,0.0,1533.739925597958
2010-06-10,997.1478762295793,408.8186124568435,3159.8530093333584,985.9172139406196,1008.7540496428982,818.0422967054385,818.0422967054385,818.0422967054385,60.96421493225283,60.96421493225283,60.96421493225283,757.0780817731857,757.0780817731857,757.0780817731857,0.0,0.0,0.0,1815.190172935018
2010-06-11,999.9035665819263,702.3591050506021,3379.817647854728,988.2102964631388,1011.8015557588418,1046.7701576803906,1046.7701576803906,1046.7701576803906,64.73897665816067,64.73897665816067,64.73897665816067,982.0311810222299,982.0311810222299,982.0311810222299,0.0,0.0,0.0,2046.673724262317
2010-06-12,1002.659256934273,679.535123706294,3452.0527141456214,990.6348303346654,1014.8840095001652,1035.952326715885,1035.952326715885,1035.952326715885,-143.57893267367157,-143.57893267367157,-143.57893267367157,1179.5312593895567,1179.5312593895567,1179.5312593895567,0.0,0.0,0.0,2038.611583650158
2010-06-13,1005.4149472866197,865.0581159503085,3683.802162629236,993.0800890187096,1017.8555230311453,1282.2244501113041,1282.2244501113041,1282.2244501113041,-63.06775757929416,-63.06775757929416,-63.06775757929416,1345.2922076905984,1345.2922076905984,1345.2922076905984,0.0,0.0,0.0,2287.639397397924
2010-06-14,1008.1706376389665,1088.6396586534543,3885.867120978887,995.5387380773806,1020.8067624461127,1485.8431032717426,1485.8431032717426,1485.8431032717426,10.045116344243262,10.045116344243262,10.045116344243262,1475.7979869274993,1475.7979869274993,1475.7979869274993,0.0,0.0,0.0,2494.013740910709
2010-06-15,1010.9263279913134,1320.769244301224,4012.270540562035,997.8396132543811,1023.768913442856,1609.5634132073558,1609.5634132073558,1609.5634132073558,41.18035735137194,41.18035735137194,41.18035735137194,1568.383055855984,1568.383055855984,1568.383055855984,0.0,0.0,0.0,2620.4897411986694
2010-06-16,1013.6820183436603,1373.5035688807948,4090.391677096815,1000.3878778707908,1026.8176089513825,1651.0107870571323,1651.0107870571323,1651.0107870571323,29.718024967506917,29.718024967506917,29.718024967506917,1621.2927620896255,1621.2927620896255,1621.2927620896255,0.0,0.0,0.0,2664.6928054007926
2010-06-17,1016.437708696007,1393.8676931703637,4042.7823895015736,1002.8979189843618,1030.0821339528027,1694.6863532809102,1694.6863532809102,1694.6863532809102,60.96421493234226,60.96421493234226,60.96421493234226,1633.7221383485678,1633.7221383485678,1633.7221383485678,0.0,0.0,0.0,2711.1240619769173
2010-06-18,1019.1933990483537,1400.7203855053413,4042.758151569854,1005.2018989099464,1033.3010449923024,1670.571044457868,1670.571044457868,1670.571044457868,64.7389766579852,64.7389766579852,64.7389766579852,1605.832067799883,1605.832067799883,1605.832067799883,0.0,0.0,0.0,2689.764443506222
2010-06-19,1021.9490894007005,1009.5470907345323,3877.1754952626397,1007.6806231200832,1036.3724921337875,1395.1634021190405,1395.1634021190405,1395.1634021190405,-143.57893267373882,-143.57893267373882,-143.57893267373882,1538.7423347927795,1538.7423347927795,1538.7423347927795,0.0,0.0,0.0,2417.112491519741
2010-06-20,1024.7047797530474,1047.3878544650702,3796.0902491891898,1010.1185065498806,1039.3398396023006,1371.433888282543,1371.433888282543,1371.433888282543,-63.06775757923461,-63.06775757923461,-63.06775757923461,1434.5016458617774,1434.5016458617774,1434.5016458617774,0.0,0.0,0.0,2396.1386680355904
2010-06-21,1027.4604701053943,1099.2716552707757,3651.206437191618,1012.5473805597132,1042.393799037664,1306.0803926086503,1306.0803926086503,1306.0803926086503,10.045116344541048,10.045116344541048,10.045116344541048,1296.0352762641094,1296.0352762641094,1296.0352762641094,0.0,0.0,0.0,2333.5408627140446
2010-06-22,1030.2161604577411,898.7074545318109,3498.0497703029337,1014.9770134070782,1045.40363387048,1168.2519123850811,1168.2519123850811,1168.2519123850811,41.18035735113504,41.18035735113504,41.18035735113504,1127.071555033946,1127.071555033946,1127.071555033946,0.0,0.0,0.0,2198.468072842822
2010-06-23,1032.9718508100877,476.4311387324621,3323.620159259302,1017.3460184211763,1048.453352829708,961.7669572017559,961.7669572017559,961.7669572017559,29.71802496727609,29.71802496727609,29.71802496727609,932.0489322344797,932.0489322344797,932.0489322344797,0.0,0.0,0.0,1994.7388080118435
2010-06-24,1035.7275411624346,468.4413274978193,3161.048917779244,1019.7202108312161,1051.4538857303642,776.9700769968633,776.9700769968633,776.9700769968633,60.96421493233036,60.96421493233036,60.96421493233036,716.005862064533,716.005862064533,716.005862064533,0.0,0.0,0.0,1812.697618159298
2010-06-25,1038.4832315147812,256.5003723571293,2867.8343649863764,1022.2095300916254,1054.587442541447,549.1951485856722,549.1951485856722,549.1951485856722,64.73897665790655,64.73897665790655,64.73897665790655,484.4561719277656,484.4561719277656,484.4561719277656,0.0,0.0,0.0,1587.6783801004535
2010-06-26,1041.2389218671283,-175.61182860367867,2431.1037831573553,1024.6340601378736,1057.5850683871795,99.67402635688124,99.67402635688124,99.67402635688124,-143.5789326738154,-143.5789326738154,-143.5789326738154,243.25295903069662,243.25295903069662,243.25295903069662,0.0,0.0,0.0,1140.9129482240096
2010-06-27,1043.9946122194751,-249.16527326650706,2368.6756045265806,1027.1153696331892,1060.6057597638398,-64.62340490062891,-64.62340490062891,-64.62340490062891,-63.06775757917505,-63.06775757917505,-63.06775757917505,-1.5556473214538626,-1.5556473214538626,-1.5556473214538626,0.0,0.0,0.0,979.3712073188462
2010-06-28,1046.7503025718217,-611.6759392422983,2209.432860087314,1029.5746508230739,1063.790631255458,-233.8301895429958,-233.8301895429958,-233.8301895429958,10.045116344519098,10.045116344519098,10.045116344519098,-243.8753058875149,-243.8753058875149,-243.8753058875149,0.0,0.0,0.0,812.9201130288259
2010-06-29,1049.5059929241686,-753.4471350657938,1890.7778384246167,1032.0507479559726,1066.7945070838934,-436.53483199769676,-436.53483199769676,-436.53483199769676,41.18035735128736,41.18035735128736,41.18035735128736,-477.7151893489841,-477.7151893489841,-477.7151893489841,0.0,0.0,0.0,612.9711609264718
2010-06-30,1052.2616832765152,-1067.1009170612006,1814.064718389689,1034.5978018222143,1070.0001420162591,-667.6168816927559,-667.6168816927559,-667.6168816927559,29.718024967357877,29.718024967357877,29.718024967357877,-697.3349066601138,-697.3349066601138,-697.3349066601138,0.0,0.0,0.0,384.6448015837593
2010-07-01,1055.0173736288623,-1110.3647199810093,1573.399143291419,1037.015446555502,1073.0316378060538,-836.4207590519175,-836.4207590519175,-836.4207590519175,60.96421493231844,60.96421493231844,60.96421493231844,-897.3849739842359,-897.3849739842359,-897.3849739842359,0.0,0.0,0.0,218.59661457694483
2010-07-02,1057.7730639812091,-1273.9815960911383,1350.497692140404,1039.3656362056304,1076.0938921282138,-1008.2983635407206,-1008.2983635407206,-1008.2983635407206,64.73897665782789,64.73897665782789,64.73897665782789,-1073.0373401985485,-1073.0373401985485,-1073.0373401985485,0.0,0.0,0.0,49.474700440488505
2010-07-03,1060.5287543335558,-1607.187150015378,1065.0601359343134,1041.756607856118,1079.3257988109972,-1363.6816485716452,-1363.6816485716452,-1363.6816485716452,-143.57893267368232,-143.57893267368232,-143.57893267368232,-1220.1027158979628,-1220.1027158979628,-1220.1027158979628,0.0,0.0,0.0,-303.1528942380894
2010-07-04,1063.2844446859026,-1661.0495635382167,1083.8272865110055,1044.073192627728,1082.4694045019146,-1398.1995385679465,-1398.1995385679465,-1398.1995385679465,-63.06775757923713,-63.06775757923713,-63.06775757923713,-1335.1317809887094,-1335.1317809887094,-1335.1317809887094,0.0,0.0,0.0,-334.91509388204395
2010-07-05,1066.0401350382494,-1704.5410035262037,939.83960309746,1046.454984492982,1085.586355806067,-1405.4526309363375,-1405.4526309363375,-1405.4526309363375,10.04511634442633,10.04511634442633,10.04511634442633,-1415.4977472807639,-1415.4977472807639,-1415.4977472807639,0.0,0.0,0.0,-339.4124958980881
2010-07-06,1068.7958253905963,-1747.8492466648586,1038.363448428621,1048.8321087183378,1088.6446769531794,-1418.2778615854716,-1418.2778615854716,-1418.2778615854716,41.180357351201344,41.180357351201344,41.180357351201344,-1459.458218936673,-1459.458218936673,-1459.458218936673,0.0,0.0,0.0,-349.48203619487526
2010-07-07,1071.5515157429431,-1708.8436693319513,947.341742858867,1051.206313697032,1091.717757592541,-1436.476788500287,-1436.476788500287,-1436.476788500287,29.718024967205448,29.718024967205448,29.718024967205448,-1466.1948134674922,-1466.1948134674922,-1466.1948134674922,0.0,0.0,0.0,-364.9252727573439
