Customer ID,Recency,Frequency,Monetary,Cluster,Segment,Churn
12346.0,38,10,230.55,1,💛 Loyal,0
12358.0,122,1,1429.83,0,🏆 Champions,1
12359.0,17,4,1522.23,1,💛 Loyal,0
12360.0,16,2,158.0,1,💛 Loyal,0
12361.0,73,1,109.19999999999999,0,🏆 Champions,0
12362.0,129,1,130.0,0,🏆 Champions,1
12366.0,24,1,500.24,1,💛 Loyal,0
12368.0,18,1,917.6999999999999,1,💛 Loyal,0
12369.0,32,1,348.32,1,💛 Loyal,0
12370.0,15,3,774.62,1,💛 Loyal,0
12371.0,35,2,607.6800000000001,1,💛 Loyal,0
12373.0,15,2,763.0500000000001,1,💛 Loyal,0
12380.0,37,3,3217.3,1,💛 Loyal,0
12389.0,46,1,164.85,1,💛 Loyal,0
12391.0,46,2,750.49,1,💛 Loyal,0
12396.0,65,1,931.43,0,🏆 Champions,0
12399.0,35,1,205.98,1,💛 Loyal,0
12402.0,61,1,191.7,0,🏆 Champions,0
12404.0,72,1,63.24,0,🏆 Champions,0
12406.0,88,1,881.2,0,🏆 Champions,0
12416.0,47,1,202.56,1,💛 Loyal,0
12417.0,8,5,1465.95,1,💛 Loyal,0
12418.0,21,1,343.94,1,💛 Loyal,0
12422.0,1,3,1133.45,1,💛 Loyal,0
12426.0,53,1,762.48,1,💛 Loyal,0
12431.0,36,3,1514.8600000000001,1,💛 Loyal,0
12435.0,28,2,1736.88,1,💛 Loyal,0
12437.0,15,6,3799.32,1,💛 Loyal,0
12439.0,73,2,1158.18,0,🏆 Champions,0
12440.0,108,1,568.51,0,🏆 Champions,1
12443.0,122,1,485.31,0,🏆 Champions,1
12455.0,17,2,2414.34,1,💛 Loyal,0
12466.0,72,1,56.73,0,🏆 Champions,0
12468.0,73,1,441.23,0,🏆 Champions,0
12470.0,80,1,211.95,0,🏆 Champions,0
12471.0,14,19,6496.56,3,❌ Lost,0
12472.0,8,6,3756.92,1,💛 Loyal,0
12474.0,57,1,158.7,1,💛 Loyal,0
12477.0,14,1,2021.23,1,💛 Loyal,0
12482.0,1,10,11915.76,1,💛 Loyal,0
12483.0,24,4,865.9,1,💛 Loyal,0
12484.0,40,3,706.8,1,💛 Loyal,0
12487.0,121,1,285.29999999999995,0,🏆 Champions,1
12490.0,31,6,2112.0099999999998,1,💛 Loyal,0
12495.0,31,1,357.4,1,💛 Loyal,0
12496.0,11,2,54.09,1,💛 Loyal,0
12497.0,35,1,1211.76,1,💛 Loyal,0
12500.0,24,5,869.49,1,💛 Loyal,0
12510.0,14,6,3414.23,1,💛 Loyal,0
12514.0,32,1,580.08,1,💛 Loyal,0
12523.0,28,4,866.84,1,💛 Loyal,0
12524.0,16,3,2282.58,1,💛 Loyal,0
12525.0,38,1,566.4300000000001,1,💛 Loyal,0
12530.0,33,1,357.0,1,💛 Loyal,0
12531.0,77,1,1807.98,0,🏆 Champions,0
12533.0,18,2,1367.89,1,💛 Loyal,0
12539.0,107,2,5149.06,0,🏆 Champions,1
12540.0,15,6,2496.62,1,💛 Loyal,0
12542.0,30,1,364.79,1,💛 Loyal,0
12549.0,72,4,1159.3700000000001,0,🏆 Champions,0
12555.0,72,1,129.23,0,🏆 Champions,0
12557.0,113,1,1952.64,0,🏆 Champions,1
12567.0,57,1,522.28,1,💛 Loyal,0
12568.0,35,1,70.0,1,💛 Loyal,0
12570.0,72,1,77.52,0,🏆 Champions,0
12577.0,126,1,210.55,0,🏆 Champions,1
12583.0,8,3,2123.49,1,💛 Loyal,0
12586.0,114,1,422.35,0,🏆 Champions,1
12589.0,80,1,715.5,0,🏆 Champions,0
12594.0,37,1,154.14,1,💛 Loyal,0
12598.0,36,2,649.71,1,💛 Loyal,0
12600.0,50,5,1133.07,1,💛 Loyal,0
12606.0,72,1,21.0,0,🏆 Champions,0
12609.0,8,2,720.55,1,💛 Loyal,0
12613.0,116,1,1350.81,0,🏆 Champions,1
12615.0,22,1,1155.48,1,💛 Loyal,0
12621.0,22,2,1322.52,1,💛 Loyal,0
12623.0,38,2,1923.82,1,💛 Loyal,0
12631.0,84,1,738.1800000000001,0,🏆 Champions,0
12636.0,129,1,141.0,0,🏆 Champions,1
12638.0,30,1,249.8,1,💛 Loyal,0
12639.0,18,1,253.57999999999998,1,💛 Loyal,0
12643.0,2,1,2213.2000000000003,1,💛 Loyal,0
12644.0,61,2,868.13,1,💛 Loyal,0
12645.0,37,2,846.74,1,💛 Loyal,0
12647.0,8,9,4469.26,1,💛 Loyal,0
12648.0,31,2,311.8,1,💛 Loyal,0
12649.0,84,2,385.5,0,🏆 Champions,0
12662.0,8,1,476.36,1,💛 Loyal,0
12663.0,15,2,239.4,1,💛 Loyal,0
12664.0,117,1,549.08,0,🏆 Champions,1
12665.0,60,1,168.8,0,🏆 Champions,0
12668.0,31,3,3867.58,1,💛 Loyal,0
12670.0,57,1,225.60000000000002,1,💛 Loyal,0
12677.0,57,1,190.7,1,💛 Loyal,0
12678.0,91,2,2310.3,0,🏆 Champions,1
12681.0,16,7,4231.35,1,💛 Loyal,0
12682.0,31,8,4294.37,1,💛 Loyal,0
12683.0,59,3,1557.66,1,💛 Loyal,0
12692.0,28,1,110.95,1,💛 Loyal,0
12695.0,56,1,493.66,1,💛 Loyal,0
12701.0,24,1,547.3199999999999,1,💛 Loyal,0
12703.0,24,3,722.98,1,💛 Loyal,0
12708.0,8,4,1030.43,1,💛 Loyal,0
12709.0,1,8,6785.26,1,💛 Loyal,0
12711.0,2,2,1339.05,1,💛 Loyal,0
12712.0,63,2,562.38,0,🏆 Champions,0
12714.0,25,3,3835.19,1,💛 Loyal,0
12726.0,14,1,381.36,1,💛 Loyal,0
12727.0,45,1,759.32,1,💛 Loyal,0
12731.0,38,1,1626.4,1,💛 Loyal,0
12733.0,80,1,1130.22,0,🏆 Champions,0
12742.0,16,1,1201.52,1,💛 Loyal,0
12745.0,72,1,201.56,0,🏆 Champions,0
12747.0,31,6,1502.89,1,💛 Loyal,0
12748.0,3,33,5483.6,3,❌ Lost,0
12755.0,25,3,147.41,1,💛 Loyal,0
12758.0,16,2,4340.05,1,💛 Loyal,0
12759.0,126,1,508.26,0,🏆 Champions,1
12765.0,1,2,394.5,1,💛 Loyal,0
12776.0,58,1,55.5,1,💛 Loyal,0
12779.0,39,2,690.68,1,💛 Loyal,0
12785.0,122,1,366.9,0,🏆 Champions,1
12789.0,84,1,89.25,0,🏆 Champions,0
12791.0,14,3,425.03999999999996,1,💛 Loyal,0
12796.0,18,1,381.0,1,💛 Loyal,0
12800.0,67,2,403.33000000000004,0,🏆 Champions,0
12805.0,65,1,266.5,0,🏆 Champions,0
12809.0,38,1,633.6800000000001,1,💛 Loyal,0
12810.0,67,1,159.66,0,🏆 Champions,0
12813.0,83,1,244.2,0,🏆 Champions,0
12820.0,45,3,854.85,1,💛 Loyal,0
12821.0,2,1,128.07999999999998,1,💛 Loyal,0
12823.0,17,3,924.5,1,💛 Loyal,0
12825.0,32,1,214.82999999999998,1,💛 Loyal,0
12826.0,112,1,458.20000000000005,0,🏆 Champions,1
12835.0,1,19,3625.05,3,❌ Lost,0
12836.0,10,4,1436.71,1,💛 Loyal,0
12839.0,35,5,1397.6,1,💛 Loyal,0
12840.0,65,1,150.0,0,🏆 Champions,0
12842.0,128,1,397.20000000000005,0,🏆 Champions,1
12843.0,17,4,810.6,1,💛 Loyal,0
12846.0,72,1,15.58,0,🏆 Champions,0
12848.0,66,1,208.0,0,🏆 Champions,0
12853.0,63,1,413.0,0,🏆 Champions,0
12854.0,42,3,1240.84,1,💛 Loyal,0
12857.0,73,1,204.60000000000002,0,🏆 Champions,0
12860.0,83,1,55.47,0,🏆 Champions,0
12861.0,10,1,68.25,1,💛 Loyal,0
12867.0,54,2,995.57,1,💛 Loyal,0
12869.0,72,1,337.66999999999996,0,🏆 Champions,0
12870.0,15,1,209.3,1,💛 Loyal,0
12872.0,33,4,1262.8700000000001,1,💛 Loyal,0
12873.0,72,1,492.4,0,🏆 Champions,0
12875.0,88,1,305.28,0,🏆 Champions,0
12877.0,81,1,299.49,0,🏆 Champions,0
12891.0,17,2,84.0,1,💛 Loyal,0
12898.0,50,1,158.32,1,💛 Loyal,0
12905.0,73,1,593.66,0,🏆 Champions,0
12908.0,20,1,318.0,1,💛 Loyal,0
12909.0,44,1,284.11,1,💛 Loyal,0
12910.0,12,1,1017.96,1,💛 Loyal,0
12913.0,9,4,1521.6000000000001,1,💛 Loyal,0
12916.0,75,1,379.33,0,🏆 Champions,0
12917.0,121,1,1552.9,0,🏆 Champions,1
12918.0,16,1,10953.5,1,💛 Loyal,0
12920.0,115,2,138.9,0,🏆 Champions,1
12921.0,10,10,5893.75,1,💛 Loyal,0
12924.0,29,4,419.24,1,💛 Loyal,0
12926.0,37,2,612.4,1,💛 Loyal,0
12931.0,2,14,5389.59,1,💛 Loyal,0
12932.0,32,2,536.02,1,💛 Loyal,0
12933.0,119,1,155.79,0,🏆 Champions,1
12934.0,127,1,181.65,0,🏆 Champions,1
12937.0,113,2,314.57,0,🏆 Champions,1
12939.0,44,2,787.5,1,💛 Loyal,0
12941.0,115,1,377.49,0,🏆 Champions,1
12945.0,47,1,437.16,1,💛 Loyal,0
12948.0,121,2,252.48000000000002,0,🏆 Champions,1
12949.0,10,5,4342.31,1,💛 Loyal,0
12951.0,21,3,513.45,1,💛 Loyal,0
12954.0,29,1,162.45,1,💛 Loyal,0
12956.0,75,3,413.82,0,🏆 Champions,0
12957.0,29,2,2716.96,1,💛 Loyal,0
12960.0,52,1,413.67,1,💛 Loyal,0
12970.0,126,1,260.64,0,🏆 Champions,1
12971.0,1,5,1440.55,1,💛 Loyal,0
12972.0,38,2,633.61,1,💛 Loyal,0
12975.0,124,1,441.63,0,🏆 Champions,1
12976.0,29,2,684.22,1,💛 Loyal,0
12978.0,36,4,1946.46,1,💛 Loyal,0
12979.0,119,1,517.7,0,🏆 Champions,1
12980.0,9,4,3094.08,1,💛 Loyal,0
12986.0,32,2,760.72,1,💛 Loyal,0
12987.0,79,1,282.33,0,🏆 Champions,0
12989.0,1,9,2603.14,1,💛 Loyal,0
12990.0,10,1,117.0,1,💛 Loyal,0
12992.0,115,1,93.35000000000001,0,🏆 Champions,1
12993.0,21,2,436.45,1,💛 Loyal,0
12997.0,3,1,2.95,1,💛 Loyal,0
12998.0,44,1,300.2,1,💛 Loyal,0
13000.0,115,1,497.65000000000003,0,🏆 Champions,1
13001.0,15,5,3709.41,1,💛 Loyal,0
13004.0,15,7,2333.54,1,💛 Loyal,0
13008.0,113,1,189.31,0,🏆 Champions,1
13009.0,63,1,234.0,0,🏆 Champions,0
13010.0,39,1,177.12,1,💛 Loyal,0
13013.0,31,2,968.51,1,💛 Loyal,0
13018.0,39,2,818.7,1,💛 Loyal,0
13019.0,2,3,611.53,1,💛 Loyal,0
13020.0,50,1,448.01,1,💛 Loyal,0
13021.0,21,2,653.26,1,💛 Loyal,0
13025.0,122,1,323.39,0,🏆 Champions,1
13026.0,32,2,586.0,1,💛 Loyal,0
13027.0,3,6,3408.0,1,💛 Loyal,0
13036.0,75,1,307.1,0,🏆 Champions,0
13037.0,35,4,1349.55,1,💛 Loyal,0
13039.0,8,2,463.15000000000003,1,💛 Loyal,0
13042.0,65,2,1022.2,0,🏆 Champions,0
13044.0,1,5,2031.97,1,💛 Loyal,0
13047.0,7,4,1483.16,1,💛 Loyal,0
13048.0,72,1,394.6,0,🏆 Champions,0
13050.0,2,5,1644.16,1,💛 Loyal,0
13051.0,10,1,75.0,1,💛 Loyal,0
13052.0,45,1,560.97,1,💛 Loyal,0
13053.0,12,1,127.65,1,💛 Loyal,0
13057.0,22,1,353.49,1,💛 Loyal,0
13059.0,9,2,626.09,1,💛 Loyal,0
13070.0,123,1,154.2,0,🏆 Champions,1
13071.0,3,1,129.22,1,💛 Loyal,0
13074.0,7,3,1062.24,1,💛 Loyal,0
13077.0,112,2,639.84,0,🏆 Champions,1
13078.0,16,10,5467.67,1,💛 Loyal,0
13081.0,30,4,10149.76,1,💛 Loyal,0
13082.0,14,3,677.7,1,💛 Loyal,0
13085.0,70,6,2017.2,0,🏆 Champions,0
13087.0,117,1,313.64,0,🏆 Champions,1
13089.0,3,26,14192.960000000001,3,❌ Lost,0
13091.0,120,2,1976.0,0,🏆 Champions,1
13092.0,19,2,534.3000000000001,1,💛 Loyal,0
13093.0,2,13,9476.63,1,💛 Loyal,0
13097.0,10,8,3141.48,1,💛 Loyal,0
13101.0,71,1,168.54999999999998,0,🏆 Champions,0
13104.0,44,1,96.66,1,💛 Loyal,0
13107.0,1,2,1302.33,1,💛 Loyal,0
13110.0,44,3,705.8000000000001,1,💛 Loyal,0
13111.0,109,1,321.88000000000005,0,🏆 Champions,1
13113.0,11,1,523.53,1,💛 Loyal,0
13114.0,121,1,234.38,0,🏆 Champions,1
13117.0,14,1,128.22,1,💛 Loyal,0
13119.0,59,1,134.9,0,🏆 Champions,0
13126.0,38,1,464.85,1,💛 Loyal,0
13128.0,22,1,263.5,1,💛 Loyal,0
13131.0,59,1,651.41,0,🏆 Champions,0
13136.0,121,1,549.09,0,🏆 Champions,1
13141.0,17,4,1953.84,1,💛 Loyal,0
13148.0,18,5,1950.68,1,💛 Loyal,0
13150.0,21,1,176.51999999999998,1,💛 Loyal,0
13151.0,16,2,1322.8700000000001,1,💛 Loyal,0
13152.0,46,2,810.82,1,💛 Loyal,0
13154.0,126,1,337.1,0,🏆 Champions,1
13156.0,58,2,1239.6,1,💛 Loyal,0
13157.0,32,1,193.2,1,💛 Loyal,0
13162.0,9,7,5515.1,1,💛 Loyal,0
13164.0,58,1,275.8,1,💛 Loyal,0
13173.0,38,5,1047.7,1,💛 Loyal,0
13174.0,2,5,3203.33,1,💛 Loyal,0
13175.0,126,1,319.15,0,🏆 Champions,1
13178.0,31,4,2770.42,1,💛 Loyal,0
13179.0,9,1,572.3100000000001,1,💛 Loyal,0
13183.0,26,1,493.44,1,💛 Loyal,0
13187.0,14,3,130.99,1,💛 Loyal,0
13190.0,68,2,362.05,0,🏆 Champions,0
13191.0,48,1,164.69,1,💛 Loyal,0
13192.0,77,1,724.92,0,🏆 Champions,0
13196.0,8,1,199.97,1,💛 Loyal,0
13199.0,16,8,1639.72,1,💛 Loyal,0
13201.0,33,1,316.75,1,💛 Loyal,0
13202.0,3,3,778.08,1,💛 Loyal,0
13203.0,21,2,460.22,1,💛 Loyal,0
13204.0,122,1,966.6600000000001,0,🏆 Champions,1
13206.0,18,9,5702.72,1,💛 Loyal,0
13207.0,2,1,214.20000000000002,1,💛 Loyal,0
13208.0,127,1,61.12,0,🏆 Champions,1
13209.0,9,3,1564.98,1,💛 Loyal,0
13211.0,26,3,533.1,1,💛 Loyal,0
13214.0,19,2,1791.98,1,💛 Loyal,0
13217.0,46,1,132.5,1,💛 Loyal,0
13219.0,9,1,76.23,1,💛 Loyal,0
13223.0,56,1,216.60000000000002,1,💛 Loyal,0
13225.0,12,4,4071.63,1,💛 Loyal,0
13230.0,21,1,283.0,1,💛 Loyal,0
13233.0,85,1,290.63,0,🏆 Champions,0
13234.0,63,2,356.95,0,🏆 Champions,0
13240.0,43,2,155.29999999999998,1,💛 Loyal,0
13242.0,59,1,117.0,0,🏆 Champions,0
13243.0,22,1,292.66,1,💛 Loyal,0
13249.0,36,2,176.0,1,💛 Loyal,0
13252.0,16,1,346.9,1,💛 Loyal,0
13253.0,94,1,974.39,0,🏆 Champions,1
13259.0,67,3,475.58,0,🏆 Champions,0
13266.0,36,2,596.88,1,💛 Loyal,0
13267.0,21,5,1795.07,1,💛 Loyal,0
13269.0,43,5,938.22,1,💛 Loyal,0
13275.0,23,1,180.16,1,💛 Loyal,0
13276.0,33,1,396.83,1,💛 Loyal,0
13278.0,1,1,297.69,1,💛 Loyal,0
13280.0,35,1,478.5,1,💛 Loyal,0
13283.0,31,1,127.80000000000001,1,💛 Loyal,0
13285.0,15,1,340.3,1,💛 Loyal,0
13287.0,45,2,486.90999999999997,1,💛 Loyal,0
13288.0,43,2,548.64,1,💛 Loyal,0
13289.0,114,1,307.95,0,🏆 Champions,1
13291.0,8,2,390.23,1,💛 Loyal,0
13293.0,17,2,662.87,1,💛 Loyal,0
13294.0,37,1,815.79,1,💛 Loyal,0
13304.0,60,1,307.85,0,🏆 Champions,0
13305.0,30,1,415.78000000000003,1,💛 Loyal,0
13313.0,18,4,1006.97,1,💛 Loyal,0
13315.0,79,1,310.26,0,🏆 Champions,0
13316.0,30,1,2017.3600000000001,1,💛 Loyal,0
13317.0,51,2,944.87,1,💛 Loyal,0
13319.0,11,12,4049.67,1,💛 Loyal,0
13327.0,8,5,2577.15,1,💛 Loyal,0
13329.0,125,1,334.65,0,🏆 Champions,1
13330.0,45,1,638.57,1,💛 Loyal,0
13333.0,49,1,162.18,1,💛 Loyal,0
13334.0,43,1,1191.6200000000001,1,💛 Loyal,0
13338.0,94,1,757.1,0,🏆 Champions,1
13340.0,11,3,6986.0599999999995,1,💛 Loyal,0
13357.0,18,2,1573.07,1,💛 Loyal,0
13360.0,84,2,715.15,0,🏆 Champions,0
13361.0,8,1,817.25,1,💛 Loyal,0
13371.0,22,1,1189.01,1,💛 Loyal,0
13373.0,11,2,2154.85,1,💛 Loyal,0
13377.0,36,1,815.32,1,💛 Loyal,0
13381.0,52,2,980.39,1,💛 Loyal,0
13382.0,9,3,655.65,1,💛 Loyal,0
13392.0,68,1,91.14,0,🏆 Champions,0
13393.0,46,3,888.37,1,💛 Loyal,0
13394.0,50,4,1619.41,1,💛 Loyal,0
13397.0,8,3,1020.94,1,💛 Loyal,0
13403.0,114,1,78.6,0,🏆 Champions,1
13405.0,115,1,146.45999999999998,0,🏆 Champions,1
13406.0,22,1,140.16,1,💛 Loyal,0
13407.0,52,1,1384.02,1,💛 Loyal,0
13408.0,8,17,9667.622,3,❌ Lost,0
13410.0,89,2,682.9200000000001,0,🏆 Champions,0
13412.0,10,1,487.34999999999997,1,💛 Loyal,0
13413.0,30,6,429.44,1,💛 Loyal,0
13415.0,21,3,749.67,1,💛 Loyal,0
13416.0,127,1,228.3,0,🏆 Champions,1
13417.0,9,2,714.4,1,💛 Loyal,0
13418.0,29,2,1409.24,1,💛 Loyal,0
13421.0,54,3,819.49,1,💛 Loyal,0
13426.0,30,3,1395.23,1,💛 Loyal,0
13427.0,113,1,96.0,0,🏆 Champions,1
13431.0,50,1,293.45,1,💛 Loyal,0
13432.0,3,1,130.3,1,💛 Loyal,0
13433.0,87,1,95.19999999999999,0,🏆 Champions,0
13434.0,46,1,339.18,1,💛 Loyal,0
13442.0,58,3,419.87,1,💛 Loyal,0
13443.0,68,1,229.76999999999998,0,🏆 Champions,0
13445.0,16,1,241.89999999999998,1,💛 Loyal,0
13446.0,9,3,1168.8700000000001,1,💛 Loyal,0
13448.0,71,3,1649.4,0,🏆 Champions,0
13451.0,18,1,872.9399999999999,1,💛 Loyal,0
13454.0,32,1,219.87,1,💛 Loyal,0
13455.0,108,2,431.65,0,🏆 Champions,1
13457.0,79,2,148.22,0,🏆 Champions,0
13459.0,15,2,1160.4099999999999,1,💛 Loyal,0
13462.0,28,3,526.46,1,💛 Loyal,0
13464.0,8,1,299.34000000000003,1,💛 Loyal,0
13466.0,19,1,262.31,1,💛 Loyal,0
13468.0,16,11,2588.26,1,💛 Loyal,0
13469.0,44,1,82.4,1,💛 Loyal,0
13473.0,32,3,1472.44,1,💛 Loyal,0
13476.0,35,1,240.8,1,💛 Loyal,0
13477.0,74,1,422.70000000000005,0,🏆 Champions,0
13478.0,23,3,1650.51,1,💛 Loyal,0
13480.0,70,1,493.94,0,🏆 Champions,0
13481.0,25,2,739.1800000000001,1,💛 Loyal,0
13482.0,18,1,151.45,1,💛 Loyal,0
13484.0,30,1,165.78,1,💛 Loyal,0
13485.0,122,2,204.70000000000002,0,🏆 Champions,1
13487.0,125,1,103.95,0,🏆 Champions,1
13488.0,74,1,350.73,0,🏆 Champions,0
13490.0,45,1,154.25,1,💛 Loyal,0
13491.0,2,7,1935.96,1,💛 Loyal,0
13495.0,17,3,1210.51,1,💛 Loyal,0
13497.0,16,3,582.23,1,💛 Loyal,0
13498.0,120,1,327.38,0,🏆 Champions,1
13503.0,52,2,931.02,1,💛 Loyal,0
13508.0,33,1,176.07999999999998,1,💛 Loyal,0
13510.0,67,2,655.58,0,🏆 Champions,0
13511.0,67,1,282.76,0,🏆 Champions,0
13513.0,45,1,299.64,1,💛 Loyal,0
13514.0,73,1,346.3,0,🏆 Champions,0
13515.0,35,1,188.1,1,💛 Loyal,0
13520.0,57,2,1067.08,1,💛 Loyal,0
13526.0,129,2,1182.0,0,🏆 Champions,1
13527.0,75,2,784.59,0,🏆 Champions,0
13530.0,25,1,402.97999999999996,1,💛 Loyal,0
13531.0,126,1,311.7,0,🏆 Champions,1
13538.0,46,2,803.54,1,💛 Loyal,0
13540.0,46,2,369.25,1,💛 Loyal,0
13542.0,21,6,1349.59,1,💛 Loyal,0
13543.0,25,2,1439.6100000000001,1,💛 Loyal,0
13544.0,35,1,194.32,1,💛 Loyal,0
13551.0,57,1,152.39999999999998,1,💛 Loyal,0
13552.0,49,2,732.96,1,💛 Loyal,0
13553.0,65,1,517.8,0,🏆 Champions,0
13555.0,19,3,1194.35,1,💛 Loyal,0
13557.0,15,6,1525.38,1,💛 Loyal,0
13561.0,33,3,361.55,1,💛 Loyal,0
13562.0,64,3,1600.0,0,🏆 Champions,0
13564.0,15,9,3451.42,1,💛 Loyal,0
13566.0,30,1,291.12,1,💛 Loyal,0
13571.0,15,4,649.4,1,💛 Loyal,0
13573.0,27,1,81.85,1,💛 Loyal,0
13576.0,8,4,1624.43,1,💛 Loyal,0
13577.0,113,3,399.4,0,🏆 Champions,1
13579.0,50,1,383.55,1,💛 Loyal,0
13582.0,8,1,77.5,1,💛 Loyal,0
13583.0,70,1,664.001,0,🏆 Champions,0
13584.0,66,1,1.3,0,🏆 Champions,0
13585.0,129,1,12.75,0,🏆 Champions,1
13587.0,54,1,568.3,1,💛 Loyal,0
13589.0,124,1,269.15,0,🏆 Champions,1
13590.0,44,3,1229.78,1,💛 Loyal,0
13591.0,115,1,53.2,0,🏆 Champions,1
13593.0,2,4,1288.33,1,💛 Loyal,0
13595.0,37,1,547.69,1,💛 Loyal,0
13598.0,42,2,268.37,1,💛 Loyal,0
13599.0,29,4,2472.7200000000003,1,💛 Loyal,0
13600.0,24,1,298.9,1,💛 Loyal,0
13604.0,49,1,717.62,1,💛 Loyal,0
13610.0,36,3,589.58,1,💛 Loyal,0
13611.0,1,3,781.87,1,💛 Loyal,0
13612.0,23,1,818.29,1,💛 Loyal,0
13613.0,16,2,627.5,1,💛 Loyal,0
13615.0,12,2,1159.8400000000001,1,💛 Loyal,0
13616.0,82,1,182.25,0,🏆 Champions,0
13619.0,65,1,102.74,0,🏆 Champions,0
13622.0,87,1,658.95,0,🏆 Champions,0
13623.0,78,2,1050.04,0,🏆 Champions,0
13627.0,31,1,304.4,1,💛 Loyal,0
13628.0,67,1,310.14,0,🏆 Champions,0
13629.0,56,1,660.0,1,💛 Loyal,0
13632.0,2,1,366.19,1,💛 Loyal,0
13634.0,26,3,697.07,1,💛 Loyal,0
13635.0,115,2,797.15,0,🏆 Champions,1
13640.0,1,1,405.0,1,💛 Loyal,0
13641.0,31,5,1016.47,1,💛 Loyal,0
13643.0,31,2,455.25,1,💛 Loyal,0
13648.0,61,2,573.53,0,🏆 Champions,0
13650.0,73,1,505.13,0,🏆 Champions,0
13652.0,42,1,393.96000000000004,1,💛 Loyal,0
13654.0,36,2,258.68,1,💛 Loyal,0
13658.0,63,1,982.26,0,🏆 Champions,0
13659.0,10,3,1395.64,1,💛 Loyal,0
13662.0,49,2,300.47,1,💛 Loyal,0
13663.0,37,1,545.45,1,💛 Loyal,0
13666.0,126,1,19.5,0,🏆 Champions,1
13668.0,15,5,1804.93,1,💛 Loyal,0
13672.0,121,1,233.53000000000003,0,🏆 Champions,1
13676.0,9,1,128.3,1,💛 Loyal,0
13679.0,125,1,126.8,0,🏆 Champions,1
13680.0,37,6,5643.63,1,💛 Loyal,0
13684.0,12,1,190.53,1,💛 Loyal,0
13688.0,26,1,375.5,1,💛 Loyal,0
13693.0,75,5,904.41,0,🏆 Champions,0
13694.0,10,51,76045.23,2,⚠️ At-Risk,0
13696.0,57,1,306.0,1,💛 Loyal,0
13698.0,72,1,184.3,0,🏆 Champions,0
13700.0,58,2,81.55,1,💛 Loyal,0
13705.0,14,1,250.45,1,💛 Loyal,0
13706.0,17,1,300.38,1,💛 Loyal,0
13709.0,9,2,487.89000000000004,1,💛 Loyal,0
13710.0,3,1,228.0,1,💛 Loyal,0
13711.0,17,5,1183.31,1,💛 Loyal,0
13712.0,1,1,537.58,1,💛 Loyal,0
13715.0,28,1,848.03,1,💛 Loyal,0
13722.0,37,1,664.54,1,💛 Loyal,0
13723.0,2,1,320.23,1,💛 Loyal,0
13724.0,27,1,213.01,1,💛 Loyal,0
13727.0,2,6,746.57,1,💛 Loyal,0
13728.0,51,3,523.84,1,💛 Loyal,0
13729.0,75,1,357.88,0,🏆 Champions,0
13733.0,125,1,149.10000000000002,0,🏆 Champions,1
13735.0,43,3,2014.71,1,💛 Loyal,0
13736.0,124,1,720.79,0,🏆 Champions,1
13740.0,128,1,311.69,0,🏆 Champions,1
13748.0,128,1,173.1,0,🏆 Champions,1
13750.0,8,1,313.1,1,💛 Loyal,0
13753.0,42,2,977.1999999999999,1,💛 Loyal,0
13756.0,43,3,601.28,1,💛 Loyal,0
13757.0,65,1,195.55,0,🏆 Champions,0
13758.0,63,4,2995.65,1,💛 Loyal,0
13761.0,47,1,311.9,1,💛 Loyal,0
13762.0,40,2,1127.28,1,💛 Loyal,0
13764.0,33,2,953.24,1,💛 Loyal,0
13765.0,44,1,352.821,1,💛 Loyal,0
13767.0,12,11,5664.54,1,💛 Loyal,0
13768.0,117,2,875.97,0,🏆 Champions,1
13769.0,2,3,831.36,1,💛 Loyal,0
13770.0,36,2,264.33000000000004,1,💛 Loyal,0
13771.0,43,1,869.5600000000001,1,💛 Loyal,0
13772.0,45,1,562.6,1,💛 Loyal,0
13773.0,50,1,91.4,1,💛 Loyal,0
13777.0,9,10,9041.06,1,💛 Loyal,0
13781.0,111,1,314.44,0,🏆 Champions,1
13782.0,82,2,267.98,0,🏆 Champions,0
13783.0,30,2,985.4399999999999,1,💛 Loyal,0
13786.0,24,2,1384.13,1,💛 Loyal,0
13787.0,46,2,401.43,1,💛 Loyal,0
13793.0,37,1,96.0,1,💛 Loyal,0
13795.0,28,1,222.5,1,💛 Loyal,0
13797.0,38,1,354.49,1,💛 Loyal,0
13798.0,9,17,9609.37,3,❌ Lost,0
13799.0,34,1,378.3,1,💛 Loyal,0
13800.0,127,1,478.7,0,🏆 Champions,1
13802.0,9,3,1112.11,1,💛 Loyal,0
13803.0,9,1,433.53000000000003,1,💛 Loyal,0
13807.0,126,1,107.95,0,🏆 Champions,1
13813.0,58,2,567.13,1,💛 Loyal,0
13815.0,56,1,738.86,1,💛 Loyal,0
13819.0,59,3,1502.0,1,💛 Loyal,0
13820.0,37,2,394.42,1,💛 Loyal,0
13821.0,84,3,692.2,0,🏆 Champions,0
13823.0,29,3,1230.74,1,💛 Loyal,0
13824.0,28,1,96.96,1,💛 Loyal,0
13825.0,12,2,255.59,1,💛 Loyal,0
13831.0,10,7,2479.57,1,💛 Loyal,0
13834.0,60,1,202.45,0,🏆 Champions,0
13835.0,16,2,183.95,1,💛 Loyal,0
13842.0,51,3,364.14,1,💛 Loyal,0
13847.0,110,1,310.72,0,🏆 Champions,1
13848.0,19,2,800.0,1,💛 Loyal,0
13849.0,15,1,509.65,1,💛 Loyal,0
13851.0,70,1,199.29999999999998,0,🏆 Champions,0
13852.0,1,1,187.35000000000002,1,💛 Loyal,0
13854.0,31,4,1089.82,1,💛 Loyal,0
13855.0,112,2,809.1,0,🏆 Champions,1
13856.0,9,1,107.58,1,💛 Loyal,0
13869.0,17,2,1755.04,1,💛 Loyal,0
13870.0,60,1,611.54,0,🏆 Champions,0
13871.0,12,2,853.0,1,💛 Loyal,0
13872.0,17,2,616.43,1,💛 Loyal,0
13873.0,37,1,149.55,1,💛 Loyal,0
13874.0,31,2,436.03,1,💛 Loyal,0
13875.0,15,4,1255.77,1,💛 Loyal,0
13877.0,80,1,154.83,0,🏆 Champions,0
13879.0,36,1,395.5,1,💛 Loyal,0
13881.0,3,3,3819.4,1,💛 Loyal,0
13883.0,25,3,767.6,1,💛 Loyal,0
13889.0,42,2,630.68,1,💛 Loyal,0
13890.0,36,2,520.19,1,💛 Loyal,0
13895.0,127,1,831.0,0,🏆 Champions,1
13896.0,16,1,388.55,1,💛 Loyal,0
13897.0,68,1,482.67,0,🏆 Champions,0
13900.0,15,1,260.5,1,💛 Loyal,0
13901.0,51,2,875.59,1,💛 Loyal,0
13902.0,23,5,34095.26,1,💛 Loyal,0
13905.0,123,1,312.65,0,🏆 Champions,1
13907.0,82,1,136.8,0,🏆 Champions,0
13911.0,2,3,414.34,1,💛 Loyal,0
13916.0,66,1,364.5,0,🏆 Champions,0
13921.0,112,1,102.75,0,🏆 Champions,1
13929.0,8,3,716.22,1,💛 Loyal,0
13931.0,14,4,2131.42,1,💛 Loyal,0
13935.0,23,2,2742.12,1,💛 Loyal,0
13939.0,3,1,165.38,1,💛 Loyal,0
13941.0,9,5,2696.21,1,💛 Loyal,0
13944.0,44,1,200.43,1,💛 Loyal,0
13946.0,25,2,760.95,1,💛 Loyal,0
13948.0,39,2,262.31,1,💛 Loyal,0
13952.0,9,4,5175.86,1,💛 Loyal,0
13953.0,64,2,1125.0,0,🏆 Champions,0
13957.0,49,1,102.84,1,💛 Loyal,0
13958.0,33,3,1299.3,1,💛 Loyal,0
13965.0,59,2,786.01,1,💛 Loyal,0
13969.0,15,1,360.95,1,💛 Loyal,0
13971.0,73,1,267.21999999999997,0,🏆 Champions,0
13975.0,11,2,968.8,1,💛 Loyal,0
13976.0,59,1,275.41,0,🏆 Champions,0
13979.0,38,2,678.49,1,💛 Loyal,0
13980.0,47,1,216.9,1,💛 Loyal,0
13982.0,44,2,1055.6399999999999,1,💛 Loyal,0
13983.0,24,3,1732.31,1,💛 Loyal,0
13984.0,61,3,369.77,1,💛 Loyal,0
13985.0,59,1,224.35,0,🏆 Champions,0
13988.0,16,1,310.2,1,💛 Loyal,0
13993.0,39,3,987.66,1,💛 Loyal,0
13995.0,15,3,463.85,1,💛 Loyal,0
13999.0,42,4,1377.45,1,💛 Loyal,0
14000.0,128,1,192.0,0,🏆 Champions,1
14003.0,123,1,209.41,0,🏆 Champions,1
14006.0,43,1,330.65999999999997,1,💛 Loyal,0
14013.0,14,1,174.2,1,💛 Loyal,0
14016.0,18,3,2713.34,1,💛 Loyal,0
14018.0,36,1,367.15000000000003,1,💛 Loyal,0
14026.0,16,1,386.53000000000003,1,💛 Loyal,0
14030.0,45,5,2045.14,1,💛 Loyal,0
14031.0,27,9,8096.74,1,💛 Loyal,0
14032.0,73,3,922.98,0,🏆 Champions,0
14035.0,3,1,214.32999999999998,1,💛 Loyal,0
14037.0,35,3,530.82,1,💛 Loyal,0
14038.0,64,1,704.5500000000001,0,🏆 Champions,0
14040.0,18,7,2840.79,1,💛 Loyal,0
14042.0,116,1,431.98,0,🏆 Champions,1
14043.0,119,1,164.31,0,🏆 Champions,1
14044.0,40,2,500.96,1,💛 Loyal,0
14045.0,34,2,726.0,1,💛 Loyal,0
14047.0,67,1,528.24,0,🏆 Champions,0
14049.0,8,1,864.8,1,💛 Loyal,0
14051.0,18,6,2980.02,1,💛 Loyal,0
14055.0,114,1,274.32,0,🏆 Champions,1
14057.0,127,1,119.54,0,🏆 Champions,1
14060.0,29,1,167.75,1,💛 Loyal,0
14061.0,114,2,553.4300000000001,0,🏆 Champions,1
14062.0,24,4,4857.45,1,💛 Loyal,0
14063.0,77,7,9471.5,0,🏆 Champions,0
14064.0,40,2,711.91,1,💛 Loyal,0
14068.0,40,2,736.38,1,💛 Loyal,0
14070.0,75,1,326.55,0,🏆 Champions,0
14072.0,57,1,390.85,1,💛 Loyal,0
14074.0,14,1,219.39999999999998,1,💛 Loyal,0
14078.0,12,1,364.47,1,💛 Loyal,0
14079.0,72,1,243.63,0,🏆 Champions,0
14080.0,19,3,694.65,1,💛 Loyal,0
14081.0,45,6,2405.88,1,💛 Loyal,0
14083.0,112,1,64.17,0,🏆 Champions,1
14085.0,15,7,2640.27,1,💛 Loyal,0
14087.0,125,1,236.69,0,🏆 Champions,1
14091.0,45,2,9530.08,1,💛 Loyal,0
14092.0,45,3,714.0400000000001,1,💛 Loyal,0
14095.0,113,1,2.95,0,🏆 Champions,1
14097.0,36,1,132.0,1,💛 Loyal,0
14099.0,70,2,805.36,0,🏆 Champions,0
14101.0,12,1,656.72,1,💛 Loyal,0
14105.0,1,2,2090.35,1,💛 Loyal,0
14106.0,128,1,214.79999999999998,0,🏆 Champions,1
14107.0,121,1,163.26,0,🏆 Champions,1
14108.0,121,2,447.05,0,🏆 Champions,1
14110.0,1,6,1903.23,1,💛 Loyal,0
14112.0,45,1,1033.55,1,💛 Loyal,0
14113.0,52,5,1421.19,1,💛 Loyal,0
14115.0,57,1,117.80000000000001,1,💛 Loyal,0
14119.0,109,1,66.48,0,🏆 Champions,1
14122.0,119,2,131.58999999999997,0,🏆 Champions,1
14123.0,123,1,436.18,0,🏆 Champions,1
14130.0,118,1,358.32,0,🏆 Champions,1
14131.0,39,1,187.87,1,💛 Loyal,0
14133.0,124,1,305.5,0,🏆 Champions,1
14134.0,45,4,2805.14,1,💛 Loyal,0
14135.0,36,3,1942.28,1,💛 Loyal,0
14136.0,35,3,909.23,1,💛 Loyal,0
14137.0,86,1,332.7,0,🏆 Champions,0
14142.0,37,1,359.53000000000003,1,💛 Loyal,0
14145.0,1,1,1383.6,1,💛 Loyal,0
14146.0,24,4,1433.61,1,💛 Loyal,0
14147.0,31,1,248.2,1,💛 Loyal,0
14151.0,63,2,679.45,0,🏆 Champions,0
14152.0,50,1,301.31,1,💛 Loyal,0
14154.0,86,1,530.34,0,🏆 Champions,0
14156.0,2,34,83561.4,2,⚠️ At-Risk,0
14157.0,36,1,152.85,1,💛 Loyal,0
14159.0,21,4,1162.58,1,💛 Loyal,0
14160.0,1,7,8421.47,1,💛 Loyal,0
14161.0,26,2,957.1,1,💛 Loyal,0
14166.0,17,1,111.95,1,💛 Loyal,0
14167.0,15,2,324.3,1,💛 Loyal,0
14171.0,121,1,135.0,0,🏆 Champions,1
14172.0,29,2,142.2,1,💛 Loyal,0
14173.0,32,2,135.16,1,💛 Loyal,0
14175.0,18,1,851.96,1,💛 Loyal,0
14177.0,42,2,473.74,1,💛 Loyal,0
14186.0,35,1,204.34,1,💛 Loyal,0
14190.0,57,1,79.9,1,💛 Loyal,0
14191.0,119,1,15.9,0,🏆 Champions,1
14194.0,37,3,1509.39,1,💛 Loyal,0
14195.0,24,1,807.2,1,💛 Loyal,0
14198.0,51,2,282.89,1,💛 Loyal,0
14200.0,8,1,379.2,1,💛 Loyal,0
14202.0,15,1,241.20000000000002,1,💛 Loyal,0
14204.0,128,1,371.27000000000004,0,🏆 Champions,1
14205.0,33,1,232.65,1,💛 Loyal,0
14207.0,78,1,157.8,0,🏆 Champions,0
14209.0,28,2,592.35,1,💛 Loyal,0
14210.0,24,2,1082.64,1,💛 Loyal,0
14211.0,73,2,408.40000000000003,0,🏆 Champions,0
14215.0,78,2,1259.11,0,🏆 Champions,0
14221.0,3,1,445.40000000000003,1,💛 Loyal,0
14225.0,87,1,643.5,0,🏆 Champions,0
14227.0,60,1,438.03,0,🏆 Champions,0
14233.0,34,1,425.3,1,💛 Loyal,0
14235.0,10,1,374.18,1,💛 Loyal,0
14238.0,53,2,287.38,1,💛 Loyal,0
14239.0,8,6,844.55,1,💛 Loyal,0
14241.0,87,1,120.0,0,🏆 Champions,0
14244.0,51,1,366.41999999999996,1,💛 Loyal,0
14249.0,22,3,1337.64,1,💛 Loyal,0
14253.0,14,1,205.35000000000002,1,💛 Loyal,0
14256.0,85,1,953.5,0,🏆 Champions,0
14257.0,38,1,1189.34,1,💛 Loyal,0
14258.0,22,5,8143.58,1,💛 Loyal,0
14264.0,2,1,482.58,1,💛 Loyal,0
14265.0,3,1,252.51999999999998,1,💛 Loyal,0
14274.0,77,1,256.6,0,🏆 Champions,0
14276.0,51,1,307.89,1,💛 Loyal,0
14277.0,86,2,587.87,0,🏆 Champions,0
14279.0,71,1,110.5,0,🏆 Champions,0
14282.0,53,1,897.0,1,💛 Loyal,0
14284.0,44,1,704.4,1,💛 Loyal,0
14285.0,49,2,427.84999999999997,1,💛 Loyal,0
14286.0,30,3,2613.02,1,💛 Loyal,0
14290.0,32,2,1385.1100000000001,1,💛 Loyal,0
14291.0,12,2,1439.88,1,💛 Loyal,0
14292.0,21,1,704.58,1,💛 Loyal,0
14293.0,78,3,1259.35,0,🏆 Champions,0
14295.0,121,2,598.85,0,🏆 Champions,1
14298.0,10,12,10341.39,1,💛 Loyal,0
14299.0,1,7,4122.55,1,💛 Loyal,0
14301.0,57,1,307.25,1,💛 Loyal,0
14302.0,53,2,471.25,1,💛 Loyal,0
14306.0,68,1,302.08,0,🏆 Champions,0
14307.0,17,3,1036.76,1,💛 Loyal,0
14315.0,25,1,365.43,1,💛 Loyal,0
14316.0,21,1,385.38,1,💛 Loyal,0
14320.0,52,2,562.21,1,💛 Loyal,0
14322.0,28,2,153.60000000000002,1,💛 Loyal,0
14324.0,84,1,361.81,0,🏆 Champions,0
14327.0,21,3,945.32,1,💛 Loyal,0
14329.0,42,3,1308.08,1,💛 Loyal,0
14330.0,14,1,200.63,1,💛 Loyal,0
14341.0,16,5,1241.61,1,💛 Loyal,0
14343.0,24,2,725.69,1,💛 Loyal,0
14344.0,16,1,355.62,1,💛 Loyal,0
14347.0,127,1,82.6,0,🏆 Champions,1
14355.0,18,1,301.14,1,💛 Loyal,0
14365.0,72,1,324.5,0,🏆 Champions,0
14369.0,32,2,469.13,1,💛 Loyal,0
14370.0,16,2,566.4,1,💛 Loyal,0
14376.0,73,1,215.46,0,🏆 Champions,0
14378.0,12,1,131.25,1,💛 Loyal,0
14380.0,72,1,48.96,0,🏆 Champions,0
14388.0,36,2,756.84,1,💛 Loyal,0
14396.0,40,4,1180.94,1,💛 Loyal,0
14399.0,23,2,682.5,1,💛 Loyal,0
14400.0,22,1,656.25,1,💛 Loyal,0
14401.0,39,4,1336.94,1,💛 Loyal,0
14402.0,43,1,285.6,1,💛 Loyal,0
14403.0,30,1,176.39999999999998,1,💛 Loyal,0
14404.0,32,4,694.7,1,💛 Loyal,0
14408.0,20,2,730.44,1,💛 Loyal,0
14413.0,72,2,465.5,0,🏆 Champions,0
14415.0,56,2,1202.32,1,💛 Loyal,0
14420.0,82,1,400.8,0,🏆 Champions,0
14421.0,74,2,1021.5,0,🏆 Champions,0
14422.0,29,4,1481.18,1,💛 Loyal,0
14423.0,85,1,244.79999999999998,0,🏆 Champions,0
14425.0,113,2,422.29,0,🏆 Champions,1
14426.0,36,1,437.24,1,💛 Loyal,0
14427.0,22,1,595.1,1,💛 Loyal,0
14431.0,78,1,537.25,0,🏆 Champions,0
14439.0,74,2,3939.08,0,🏆 Champions,0
14440.0,37,3,1859.15,1,💛 Loyal,0
14441.0,7,2,810.99,1,💛 Loyal,0
14442.0,81,1,838.75,0,🏆 Champions,0
14450.0,1,1,196.07999999999998,1,💛 Loyal,0
14451.0,19,3,605.03,1,💛 Loyal,0
14454.0,61,2,323.9,0,🏆 Champions,0
14459.0,42,1,3537.821,1,💛 Loyal,0
14460.0,58,2,221.4,1,💛 Loyal,0
14461.0,10,2,802.87,1,💛 Loyal,0
14464.0,17,1,60.0,1,💛 Loyal,0
14465.0,23,4,969.24,1,💛 Loyal,0
14466.0,40,4,892.3,1,💛 Loyal,0
14467.0,24,2,262.94,1,💛 Loyal,0
14468.0,124,1,204.24,0,🏆 Champions,1
14469.0,10,2,1141.47,1,💛 Loyal,0
14471.0,123,1,208.82999999999998,0,🏆 Champions,1
14472.0,80,1,291.38,0,🏆 Champions,0
14477.0,94,1,165.0,0,🏆 Champions,1
14478.0,73,2,578.68,0,🏆 Champions,0
14479.0,124,1,355.13,0,🏆 Champions,1
14480.0,108,1,303.85,0,🏆 Champions,1
14481.0,3,2,893.4,1,💛 Loyal,0
14483.0,127,1,120.0,0,🏆 Champions,1
14484.0,28,2,528.6800000000001,1,💛 Loyal,0
14489.0,3,1,450.85,1,💛 Loyal,0
14492.0,10,1,214.11,1,💛 Loyal,0
14493.0,32,1,553.7,1,💛 Loyal,0
14494.0,122,1,114.3,0,🏆 Champions,1
14495.0,50,1,51.0,1,💛 Loyal,0
14496.0,24,1,754.26,1,💛 Loyal,0
14497.0,64,1,221.69,0,🏆 Champions,0
14505.0,10,5,2048.78,1,💛 Loyal,0
14507.0,40,2,407.9,1,💛 Loyal,0
14512.0,123,1,153.28,0,🏆 Champions,1
14514.0,2,3,1621.28,1,💛 Loyal,0
14519.0,74,2,206.09,0,🏆 Champions,0
14522.0,15,3,661.5400000000001,1,💛 Loyal,0
14525.0,52,3,760.54,1,💛 Loyal,0
14527.0,2,29,12869.97,3,❌ Lost,0
14530.0,17,3,617.45,1,💛 Loyal,0
14532.0,26,3,1202.28,1,💛 Loyal,0
14533.0,1,1,475.46,1,💛 Loyal,0
14534.0,25,1,371.7,1,💛 Loyal,0
14535.0,15,2,1390.74,1,💛 Loyal,0
14537.0,14,1,285.84000000000003,1,💛 Loyal,0
14538.0,73,1,452.6,0,🏆 Champions,0
14540.0,66,4,1143.91,0,🏆 Champions,0
14541.0,18,3,467.58000000000004,1,💛 Loyal,0
14543.0,17,7,3443.0,1,💛 Loyal,0
14545.0,64,1,349.25,0,🏆 Champions,0
14546.0,61,2,1032.64,1,💛 Loyal,0
14548.0,124,2,680.28,0,🏆 Champions,1
14549.0,128,1,316.22,0,🏆 Champions,1
14551.0,72,1,148.85,0,🏆 Champions,0
14555.0,112,1,290.65,0,🏆 Champions,1
14556.0,43,2,500.38,1,💛 Loyal,0
14558.0,45,3,655.5,1,💛 Loyal,0
14560.0,36,8,1919.8,1,💛 Loyal,0
14562.0,1,4,645.07,1,💛 Loyal,0
14564.0,126,1,989.18,0,🏆 Champions,1
14572.0,12,1,379.04,1,💛 Loyal,0
14573.0,90,1,236.8,0,🏆 Champions,0
14574.0,123,1,143.70000000000002,0,🏆 Champions,1
14577.0,72,2,323.74,0,🏆 Champions,0
14583.0,12,1,256.83,1,💛 Loyal,0
14584.0,20,2,393.21,1,💛 Loyal,0
14590.0,2,12,1880.3,1,💛 Loyal,0
14593.0,37,5,1208.0,1,💛 Loyal,0
14595.0,79,1,202.35,0,🏆 Champions,0
14596.0,17,1,229.47,1,💛 Loyal,0
14602.0,46,1,205.35999999999999,1,💛 Loyal,0
14604.0,24,1,143.85999999999999,1,💛 Loyal,0
14605.0,122,2,216.25,0,🏆 Champions,1
14606.0,2,35,6954.82,3,❌ Lost,0
14607.0,21,5,6375.27,1,💛 Loyal,0
14608.0,119,2,581.22,0,🏆 Champions,1
14609.0,59,1,53.28,0,🏆 Champions,0
14613.0,71,1,76.32000000000001,0,🏆 Champions,0
14621.0,74,1,518.35,0,🏆 Champions,0
14625.0,71,2,1034.07,0,🏆 Champions,0
14626.0,2,3,1219.03,1,💛 Loyal,0
14628.0,32,2,693.73,1,💛 Loyal,0
14637.0,67,1,106.67999999999999,0,🏆 Champions,0
14639.0,52,1,745.47,1,💛 Loyal,0
14640.0,15,2,807.1,1,💛 Loyal,0
14643.0,8,3,986.08,1,💛 Loyal,0
14644.0,126,1,338.5,0,🏆 Champions,1
14645.0,25,1,279.8,1,💛 Loyal,0
14646.0,8,27,86909.28,2,⚠️ At-Risk,0
14648.0,22,4,718.26,1,💛 Loyal,0
14649.0,35,2,929.14,1,💛 Loyal,0
14651.0,22,2,376.85,1,💛 Loyal,0
14653.0,72,3,1126.03,0,🏆 Champions,0
14654.0,129,1,246.86,0,🏆 Champions,1
14662.0,23,2,221.65,1,💛 Loyal,0
14667.0,1,9,3336.5,1,💛 Loyal,0
14669.0,24,4,1973.94,1,💛 Loyal,0
14670.0,123,1,190.47,0,🏆 Champions,1
14672.0,71,1,155.86,0,🏆 Champions,0
14676.0,9,2,884.88,1,💛 Loyal,0
14679.0,121,1,438.74,0,🏆 Champions,1
14680.0,2,20,12007.27,3,❌ Lost,0
14681.0,35,2,168.0,1,💛 Loyal,0
14682.0,14,2,469.22,1,💛 Loyal,0
14685.0,15,7,3866.34,1,💛 Loyal,0
14686.0,49,2,316.97,1,💛 Loyal,0
14692.0,8,1,170.12,1,💛 Loyal,0
14694.0,7,1,244.31,1,💛 Loyal,0
14695.0,123,2,984.03,0,🏆 Champions,1
14701.0,75,1,501.23,0,🏆 Champions,0
14702.0,21,4,1299.74,1,💛 Loyal,0
14704.0,14,1,119.84,1,💛 Loyal,0
14706.0,9,1,390.69,1,💛 Loyal,0
14709.0,18,4,1309.75,1,💛 Loyal,0
14710.0,7,3,145.84,1,💛 Loyal,0
14713.0,7,4,796.86,1,💛 Loyal,0
14714.0,78,1,149.0,0,🏆 Champions,0
14715.0,80,1,286.43,0,🏆 Champions,0
14717.0,124,1,81.3,0,🏆 Champions,1
14723.0,126,1,141.63,0,🏆 Champions,1
14726.0,45,1,124.75,1,💛 Loyal,0
14729.0,16,2,280.4,1,💛 Loyal,0
14732.0,42,6,1327.19,1,💛 Loyal,0
14735.0,12,8,1958.0,1,💛 Loyal,0
14738.0,123,1,311.2,0,🏆 Champions,1
14739.0,17,6,2949.12,1,💛 Loyal,0
14740.0,35,2,429.82,1,💛 Loyal,0
14745.0,28,1,415.3,1,💛 Loyal,0
14748.0,8,2,727.12,1,💛 Loyal,0
14750.0,126,1,112.03,0,🏆 Champions,1
14751.0,75,2,126.45,0,🏆 Champions,0
14754.0,81,1,359.16,0,🏆 Champions,0
14755.0,38,5,1411.4,1,💛 Loyal,0
14758.0,1,1,442.5,1,💛 Loyal,0
14762.0,16,1,117.05000000000001,1,💛 Loyal,0
14769.0,17,4,2141.37,1,💛 Loyal,0
14770.0,2,2,1550.91,1,💛 Loyal,0
14771.0,12,2,594.62,1,💛 Loyal,0
14783.0,49,1,307.3,1,💛 Loyal,0
14790.0,7,3,800.88,1,💛 Loyal,0
14796.0,8,4,750.65,1,💛 Loyal,0
14798.0,1,2,334.49,1,💛 Loyal,0
14799.0,128,1,180.45,0,🏆 Champions,1
14805.0,12,1,197.78,1,💛 Loyal,0
14807.0,40,1,349.64,1,💛 Loyal,0
14809.0,11,2,686.76,1,💛 Loyal,0
14813.0,1,1,460.34,1,💛 Loyal,0
14817.0,18,1,546.03,1,💛 Loyal,0
14818.0,38,1,108.5,1,💛 Loyal,0
14819.0,108,1,30.64,0,🏆 Champions,1
14820.0,68,1,115.2,0,🏆 Champions,0
14821.0,22,3,293.65,1,💛 Loyal,0
14824.0,28,1,795.5,1,💛 Loyal,0
14825.0,3,1,261.1,1,💛 Loyal,0
14826.0,86,1,177.9,0,🏆 Champions,0
14828.0,30,4,3305.84,1,💛 Loyal,0
14831.0,71,3,1676.57,0,🏆 Champions,0
14832.0,21,1,322.69,1,💛 Loyal,0
14835.0,7,1,178.2,1,💛 Loyal,0
14837.0,75,1,277.68,0,🏆 Champions,0
14838.0,127,1,119.10000000000001,0,🏆 Champions,1
14839.0,94,1,425.06,0,🏆 Champions,1
14841.0,35,4,1627.59,1,💛 Loyal,0
14849.0,12,4,2024.7,1,💛 Loyal,0
14851.0,21,1,318.06,1,💛 Loyal,0
14852.0,34,2,441.79,1,💛 Loyal,0
14854.0,77,1,302.06,0,🏆 Champions,0
14855.0,1,1,1623.8,1,💛 Loyal,0
14857.0,25,2,843.471,1,💛 Loyal,0
14861.0,63,3,606.36,0,🏆 Champions,0
14865.0,128,1,31.200000000000003,0,🏆 Champions,1
14867.0,37,6,695.29,1,💛 Loyal,0
14869.0,53,2,1142.41,1,💛 Loyal,0
14870.0,39,2,732.1,1,💛 Loyal,0
14871.0,10,3,462.72,1,💛 Loyal,0
14872.0,24,1,303.98,1,💛 Loyal,0
14873.0,24,1,334.45,1,💛 Loyal,0
14877.0,33,1,206.7,1,💛 Loyal,0
14878.0,29,5,604.87,1,💛 Loyal,0
14879.0,75,1,185.06,0,🏆 Champions,0
14882.0,10,1,171.9,1,💛 Loyal,0
14884.0,60,1,120.6,0,🏆 Champions,0
14890.0,9,2,691.6,1,💛 Loyal,0
14892.0,81,1,202.35000000000002,0,🏆 Champions,0
14893.0,8,1,571.76,1,💛 Loyal,0
14894.0,128,1,299.70000000000005,0,🏆 Champions,1
14895.0,8,5,4800.85,1,💛 Loyal,0
14896.0,35,4,938.99,1,💛 Loyal,0
14897.0,114,1,301.16,0,🏆 Champions,1
14898.0,42,3,867.91,1,💛 Loyal,0
14905.0,37,2,371.9,1,💛 Loyal,0
14909.0,53,1,352.5,1,💛 Loyal,0
14911.0,10,52,40829.83,3,❌ Lost,0
14912.0,72,1,39.67,0,🏆 Champions,0
14915.0,37,2,367.26000000000005,1,💛 Loyal,0
14916.0,2,2,714.39,1,💛 Loyal,0
14918.0,1,1,855.35,1,💛 Loyal,0
14924.0,30,1,310.14,1,💛 Loyal,0
14928.0,18,1,223.91000000000003,1,💛 Loyal,0
14935.0,10,1,1065.12,1,💛 Loyal,0
14940.0,123,1,182.01,0,🏆 Champions,1
14942.0,29,2,229.10999999999999,1,💛 Loyal,0
14943.0,53,1,107.62,1,💛 Loyal,0
14944.0,51,2,1143.0,1,💛 Loyal,0
14947.0,15,1,322.6,1,💛 Loyal,0
14949.0,39,3,330.77,1,💛 Loyal,0
14952.0,3,7,3832.9700000000003,1,💛 Loyal,0
14954.0,93,1,167.27,0,🏆 Champions,1
14955.0,123,1,163.77,0,🏆 Champions,1
14957.0,35,1,274.8,1,💛 Loyal,0
14958.0,17,2,335.66,1,💛 Loyal,0
14961.0,116,2,2608.4700000000003,0,🏆 Champions,1
14966.0,114,2,335.12,0,🏆 Champions,1
14967.0,50,2,769.61,1,💛 Loyal,0
14969.0,94,1,906.23,0,🏆 Champions,1
14970.0,19,3,1053.8,1,💛 Loyal,0
14977.0,116,1,31.929999999999996,0,🏆 Champions,1
14979.0,126,1,439.46,0,🏆 Champions,1
14980.0,128,1,150.68,0,🏆 Champions,1
14983.0,79,1,183.20000000000002,0,🏆 Champions,0
14984.0,88,1,117.0,0,🏆 Champions,0
14986.0,74,1,323.38,0,🏆 Champions,0
14987.0,109,4,566.6999999999999,0,🏆 Champions,1
14989.0,52,1,342.4,1,💛 Loyal,0
14990.0,3,2,305.42,1,💛 Loyal,0
14994.0,14,1,181.7,1,💛 Loyal,0
14997.0,46,1,230.4,1,💛 Loyal,0
15002.0,51,3,1595.27,1,💛 Loyal,0
15003.0,17,5,883.9,1,💛 Loyal,0
15005.0,1,10,2437.9900000000002,1,💛 Loyal,0
15008.0,28,1,120.0,1,💛 Loyal,0
15013.0,9,4,684.72,1,💛 Loyal,0
15015.0,16,8,1048.52,1,💛 Loyal,0
15022.0,67,1,281.05,0,🏆 Champions,0
15023.0,8,2,1166.8899999999999,1,💛 Loyal,0
15027.0,15,1,525.34,1,💛 Loyal,0
15029.0,10,1,365.1,1,💛 Loyal,0
15030.0,21,2,615.6,1,💛 Loyal,0
15031.0,39,4,1312.34,1,💛 Loyal,0
15032.0,119,1,1505.4,0,🏆 Champions,1
15039.0,11,10,1421.43,1,💛 Loyal,0
15044.0,57,6,3308.4,1,💛 Loyal,0
15046.0,9,4,1272.81,1,💛 Loyal,0
15051.0,52,2,766.12,1,💛 Loyal,0
15055.0,113,1,255.37,0,🏆 Champions,1
15057.0,16,2,865.04,1,💛 Loyal,0
15058.0,44,1,303.65,1,💛 Loyal,0
15059.0,47,4,842.87,1,💛 Loyal,0
15061.0,2,22,26470.36,3,❌ Lost,0
15064.0,107,1,324.99,0,🏆 Champions,1
15068.0,12,1,334.87,1,💛 Loyal,0
15070.0,115,1,324.8,0,🏆 Champions,1
15073.0,72,1,478.9,0,🏆 Champions,0
15077.0,120,1,873.48,0,🏆 Champions,1
15078.0,30,5,1839.8600000000001,1,💛 Loyal,0
15079.0,17,3,1755.96,1,💛 Loyal,0
15082.0,59,1,93.35000000000001,0,🏆 Champions,0
15084.0,36,1,349.4,1,💛 Loyal,0
15085.0,120,1,347.54,0,🏆 Champions,1
15086.0,16,1,110.03,1,💛 Loyal,0
15091.0,65,2,565.9,0,🏆 Champions,0
15093.0,30,4,2853.34,1,💛 Loyal,0
15094.0,35,1,50.0,1,💛 Loyal,0
15095.0,78,1,274.89,0,🏆 Champions,0
15100.0,92,1,217.2,0,🏆 Champions,1
15105.0,17,1,330.38,1,💛 Loyal,0
15109.0,126,1,231.2,0,🏆 Champions,1
15112.0,2,1,209.4,1,💛 Loyal,0
15115.0,123,1,191.74,0,🏆 Champions,1
15117.0,25,2,359.69,1,💛 Loyal,0
15122.0,10,1,684.12,1,💛 Loyal,0
15123.0,24,1,456.65999999999997,1,💛 Loyal,0
15124.0,42,1,134.03,1,💛 Loyal,0
15125.0,9,3,3056.39,1,💛 Loyal,0
15126.0,77,1,192.45000000000002,0,🏆 Champions,0
15137.0,70,1,392.82,0,🏆 Champions,0
15141.0,11,1,284.64,1,💛 Loyal,0
15144.0,44,2,1392.8,1,💛 Loyal,0
15149.0,40,2,323.83,1,💛 Loyal,0
15152.0,92,1,518.14,0,🏆 Champions,1
15157.0,120,1,448.2,0,🏆 Champions,1
15162.0,122,1,312.9,0,🏆 Champions,1
15164.0,3,2,440.4,1,💛 Loyal,0
15167.0,64,1,686.03,0,🏆 Champions,0
15169.0,117,1,356.17,0,🏆 Champions,1
15173.0,8,1,396.06,1,💛 Loyal,0
15176.0,58,1,988.04,1,💛 Loyal,0
15179.0,37,3,2283.87,1,💛 Loyal,0
15181.0,121,1,162.72,0,🏆 Champions,1
15182.0,47,1,564.8910000000001,1,💛 Loyal,0
15184.0,114,1,123.19,0,🏆 Champions,1
15186.0,87,1,163.4,0,🏆 Champions,0
15188.0,116,1,310.43,0,🏆 Champions,1
15191.0,79,2,342.75,0,🏆 Champions,0
15192.0,70,1,311.24,0,🏆 Champions,0
15194.0,23,5,1815.39,1,💛 Loyal,0
15196.0,117,1,152.25,0,🏆 Champions,1
15197.0,119,1,117.96000000000001,0,🏆 Champions,1
15198.0,8,2,207.31,1,💛 Loyal,0
15201.0,2,1,293.06,1,💛 Loyal,0
15203.0,35,3,1074.79,1,💛 Loyal,0
15209.0,120,1,178.98000000000002,0,🏆 Champions,1
15215.0,3,1,396.47,1,💛 Loyal,0
15216.0,9,1,389.49,1,💛 Loyal,0
15218.0,20,3,1455.35,1,💛 Loyal,0
15219.0,39,1,379.7,1,💛 Loyal,0
15221.0,28,1,323.35,1,💛 Loyal,0
15222.0,7,7,2113.56,1,💛 Loyal,0
15223.0,82,2,436.6,0,🏆 Champions,0
15224.0,37,2,389.2,1,💛 Loyal,0
15227.0,24,1,334.08000000000004,1,💛 Loyal,0
15231.0,12,1,250.26,1,💛 Loyal,0
15240.0,125,1,549.77,0,🏆 Champions,1
15241.0,45,1,295.64,1,💛 Loyal,0
15244.0,57,1,280.51,1,💛 Loyal,0
15249.0,14,1,780.92,1,💛 Loyal,0
15250.0,31,1,60.0,1,💛 Loyal,0
15251.0,8,4,5285.77,1,💛 Loyal,0
15252.0,2,1,598.04,1,💛 Loyal,0
15255.0,127,1,260.44,0,🏆 Champions,1
15259.0,73,1,302.55,0,🏆 Champions,0
15260.0,14,4,1057.42,1,💛 Loyal,0
15265.0,128,1,294.14,0,🏆 Champions,1
15266.0,77,2,292.2,0,🏆 Champions,0
15270.0,9,8,3471.7200000000003,1,💛 Loyal,0
15272.0,54,1,464.57,1,💛 Loyal,0
15278.0,56,2,257.71999999999997,1,💛 Loyal,0
15279.0,21,2,665.53,1,💛 Loyal,0
15287.0,128,1,58.2,0,🏆 Champions,1
15288.0,55,1,334.5,1,💛 Loyal,0
15289.0,12,1,439.62,1,💛 Loyal,0
15290.0,44,1,277.12,1,💛 Loyal,0
15291.0,10,11,3947.1600000000003,1,💛 Loyal,0
15293.0,56,1,247.5,1,💛 Loyal,0
15295.0,45,1,217.23999999999998,1,💛 Loyal,0
15296.0,78,1,1210.43,0,🏆 Champions,0
15298.0,1,4,1625.41,1,💛 Loyal,0
15299.0,87,1,731.52,0,🏆 Champions,0
15302.0,121,1,308.0,0,🏆 Champions,1
15303.0,74,1,302.2,0,🏆 Champions,0
15306.0,49,1,387.51,1,💛 Loyal,0
15309.0,1,4,797.96,1,💛 Loyal,0
15311.0,2,50,29789.55,3,❌ Lost,0
15312.0,23,4,1100.3,1,💛 Loyal,0
15317.0,67,1,129.75,0,🏆 Champions,0
15321.0,43,3,1171.42,1,💛 Loyal,0
15323.0,2,2,240.5,1,💛 Loyal,0
15324.0,92,1,140.22000000000003,0,🏆 Champions,1
15325.0,21,2,392.8,1,💛 Loyal,0
15326.0,63,3,1090.3700000000001,1,💛 Loyal,0
15329.0,16,3,774.1700000000001,1,💛 Loyal,0
15338.0,68,1,283.43,0,🏆 Champions,0
15339.0,13,2,290.73,1,💛 Loyal,0
15353.0,128,1,285.59,0,🏆 Champions,1
15358.0,1,6,2195.71,1,💛 Loyal,0
15359.0,53,8,181.35,1,💛 Loyal,0
15362.0,129,1,310.75,0,🏆 Champions,1
15365.0,63,1,325.12,0,🏆 Champions,0
15366.0,42,1,316.59,1,💛 Loyal,0
15367.0,3,4,1498.57,1,💛 Loyal,0
15369.0,66,4,1120.0,0,🏆 Champions,0
15371.0,53,1,59.400000000000006,1,💛 Loyal,0
15372.0,52,4,2416.08,1,💛 Loyal,0
15374.0,15,1,139.32,1,💛 Loyal,0
15375.0,80,1,60.959999999999994,0,🏆 Champions,0
15380.0,15,4,897.74,1,💛 Loyal,0
15382.0,46,2,3156.13,1,💛 Loyal,0
15385.0,68,1,307.8,0,🏆 Champions,0
15389.0,72,1,854.8,0,🏆 Champions,0
15393.0,83,2,363.21000000000004,0,🏆 Champions,0
15394.0,114,1,297.4,0,🏆 Champions,1
15403.0,121,1,95.75999999999999,0,🏆 Champions,1
15409.0,111,1,131.25,0,🏆 Champions,1
15413.0,82,5,6798.72,0,🏆 Champions,0
15416.0,67,1,389.03000000000003,0,🏆 Champions,0
15420.0,68,3,340.44,0,🏆 Champions,0
15421.0,40,3,1443.33,1,💛 Loyal,0
15422.0,61,1,298.99,0,🏆 Champions,0
15423.0,12,1,153.54999999999998,1,💛 Loyal,0
15425.0,19,2,1509.67,1,💛 Loyal,0
15428.0,28,2,381.72,1,💛 Loyal,0
15434.0,74,1,285.35,0,🏆 Champions,0
15437.0,31,1,193.29000000000002,1,💛 Loyal,0
15439.0,44,2,748.85,1,💛 Loyal,0
15441.0,121,1,301.57,0,🏆 Champions,1
15443.0,14,3,631.9,1,💛 Loyal,0
15446.0,19,2,230.77,1,💛 Loyal,0
15447.0,16,1,101.30000000000001,1,💛 Loyal,0
15448.0,65,1,294.17,0,🏆 Champions,0
15454.0,9,1,128.59,1,💛 Loyal,0
15456.0,42,4,914.65,1,💛 Loyal,0
15461.0,22,1,210.0,1,💛 Loyal,0
15465.0,21,8,1479.48,1,💛 Loyal,0
15466.0,127,1,744.21,0,🏆 Champions,1
15477.0,40,1,368.4,1,💛 Loyal,0
15479.0,124,1,147.4,0,🏆 Champions,1
15480.0,67,2,1636.38,0,🏆 Champions,0
15482.0,19,5,1488.03,1,💛 Loyal,0
15483.0,74,1,175.26,0,🏆 Champions,0
15484.0,125,1,689.5,0,🏆 Champions,1
15485.0,72,3,1222.92,0,🏆 Champions,0
15487.0,70,1,231.32,0,🏆 Champions,0
15489.0,83,1,214.0,0,🏆 Champions,0
15493.0,3,2,779.94,1,💛 Loyal,0
15494.0,119,1,917.76,0,🏆 Champions,1
15496.0,22,1,146.14000000000001,1,💛 Loyal,0
15497.0,65,3,1405.51,0,🏆 Champions,0
15498.0,47,2,3943.92,1,💛 Loyal,0
15499.0,114,1,161.6,0,🏆 Champions,1
15503.0,117,1,120.06,0,🏆 Champions,1
15504.0,56,1,147.71,1,💛 Loyal,0
15512.0,67,1,39.0,0,🏆 Champions,0
15513.0,10,4,2805.62,1,💛 Loyal,0
15514.0,43,4,1642.54,1,💛 Loyal,0
15518.0,73,2,505.53000000000003,0,🏆 Champions,0
15521.0,2,3,1268.06,1,💛 Loyal,0
15523.0,14,6,3654.33,1,💛 Loyal,0
15527.0,11,6,1397.89,1,💛 Loyal,0
15534.0,116,1,162.25,0,🏆 Champions,1
15538.0,32,3,2220.6499999999996,1,💛 Loyal,0
15542.0,128,2,540.73,0,🏆 Champions,1
15544.0,9,5,2026.97,1,💛 Loyal,0
15547.0,15,3,1936.41,1,💛 Loyal,0
15549.0,14,3,380.65,1,💛 Loyal,0
15550.0,66,4,700.71,0,🏆 Champions,0
15552.0,13,1,162.4,1,💛 Loyal,0
15555.0,67,3,1675.29,0,🏆 Champions,0
15558.0,29,1,214.13,1,💛 Loyal,0
15561.0,54,1,336.27,1,💛 Loyal,0
15562.0,117,1,360.51000000000005,0,🏆 Champions,1
15563.0,71,1,428.8,0,🏆 Champions,0
15564.0,66,1,35.04,0,🏆 Champions,0
15566.0,115,1,138.22,0,🏆 Champions,1
15569.0,40,1,259.2,1,💛 Loyal,0
15570.0,12,1,742.41,1,💛 Loyal,0
15571.0,17,2,379.01,1,💛 Loyal,0
15573.0,9,3,599.73,1,💛 Loyal,0
15575.0,10,1,30.1,1,💛 Loyal,0
15577.0,114,2,139.1,0,🏆 Champions,1
15580.0,61,1,99.69,0,🏆 Champions,0
15581.0,75,12,989.98,1,💛 Loyal,0
15584.0,61,1,357.04,0,🏆 Champions,0
15586.0,50,2,955.26,1,💛 Loyal,0
15588.0,68,1,579.6,0,🏆 Champions,0
15591.0,31,2,102.5,1,💛 Loyal,0
15601.0,16,9,4510.29,1,💛 Loyal,0
15602.0,15,3,527.4,1,💛 Loyal,0
15603.0,38,1,40.0,1,💛 Loyal,0
15605.0,16,3,425.22,1,💛 Loyal,0
15606.0,8,2,601.95,1,💛 Loyal,0
15607.0,16,6,1444.13,1,💛 Loyal,0
15611.0,10,6,630.9,1,💛 Loyal,0
15613.0,1,1,433.71999999999997,1,💛 Loyal,0
15614.0,17,1,1327.98,1,💛 Loyal,0
15615.0,21,6,2684.7,1,💛 Loyal,0
15622.0,36,1,1449.74,1,💛 Loyal,0
15623.0,18,3,1116.98,1,💛 Loyal,0
15628.0,57,2,596.57,1,💛 Loyal,0
15630.0,35,1,295.05,1,💛 Loyal,0
15631.0,33,1,596.67,1,💛 Loyal,0
15633.0,9,7,2345.53,1,💛 Loyal,0
15637.0,31,2,412.98,1,💛 Loyal,0
15638.0,1,1,227.4,1,💛 Loyal,0
15640.0,1,6,4171.29,1,💛 Loyal,0
15641.0,75,3,1405.16,0,🏆 Champions,0
15642.0,120,1,105.78000000000002,0,🏆 Champions,1
15650.0,19,1,359.08,1,💛 Loyal,0
15658.0,127,1,321.65,0,🏆 Champions,1
15659.0,44,1,108.44,1,💛 Loyal,0
15660.0,9,2,226.54000000000002,1,💛 Loyal,0
15662.0,51,2,283.73,1,💛 Loyal,0
15664.0,40,1,410.48,1,💛 Loyal,0
15665.0,26,1,591.43,1,💛 Loyal,0
15672.0,115,1,45.300000000000004,0,🏆 Champions,1
15673.0,1,2,1052.41,1,💛 Loyal,0
15674.0,43,2,1264.28,1,💛 Loyal,0
15680.0,9,4,1315.88,1,💛 Loyal,0
15682.0,78,1,127.48,0,🏆 Champions,0
15684.0,92,2,119.3,0,🏆 Champions,1
15689.0,8,1,266.93,1,💛 Loyal,0
15691.0,123,1,161.8,0,🏆 Champions,1
15693.0,50,1,37.5,1,💛 Loyal,0
15694.0,122,1,357.87,0,🏆 Champions,1
15695.0,72,1,348.61,0,🏆 Champions,0
15696.0,29,2,466.7,1,💛 Loyal,0
15697.0,80,1,246.75,0,🏆 Champions,0
15698.0,14,1,46.2,1,💛 Loyal,0
15702.0,72,1,27.82,0,🏆 Champions,0
15711.0,75,1,106.65,0,🏆 Champions,0
15712.0,61,3,1192.6000000000001,1,💛 Loyal,0
15713.0,10,2,482.94,1,💛 Loyal,0
15715.0,10,1,359.95,1,💛 Loyal,0
15716.0,17,2,404.95,1,💛 Loyal,0
15719.0,10,7,1915.41,1,💛 Loyal,0
15722.0,14,2,698.03,1,💛 Loyal,0
15727.0,75,1,950.72,0,🏆 Champions,0
15732.0,17,6,771.58,1,💛 Loyal,0
15738.0,1,9,2646.29,1,💛 Loyal,0
15741.0,9,1,63.150000000000006,1,💛 Loyal,0
15742.0,9,1,156.87,1,💛 Loyal,0
15747.0,81,1,226.08,0,🏆 Champions,0
15750.0,113,2,500.19,0,🏆 Champions,1
15751.0,33,7,810.92,1,💛 Loyal,0
15754.0,8,4,2126.82,1,💛 Loyal,0
15755.0,14,4,1339.93,1,💛 Loyal,0
15759.0,128,1,125.73,0,🏆 Champions,1
15760.0,21,2,13916.34,1,💛 Loyal,0
15765.0,57,1,370.63,1,💛 Loyal,0
15766.0,72,1,201.60000000000002,0,🏆 Champions,0
15768.0,7,16,8782.0,3,❌ Lost,0
15769.0,35,4,9405.0,1,💛 Loyal,0
15770.0,3,1,321.45,1,💛 Loyal,0
15771.0,3,2,637.3000000000001,1,💛 Loyal,0
15774.0,3,2,376.75,1,💛 Loyal,0
15775.0,22,1,45.6,1,💛 Loyal,0
15784.0,63,1,466.19,0,🏆 Champions,0
15785.0,16,4,1243.48,1,💛 Loyal,0
15789.0,14,1,383.75,1,💛 Loyal,0
15791.0,32,1,307.33,1,💛 Loyal,0
15792.0,9,1,476.84000000000003,1,💛 Loyal,0
15793.0,17,2,604.96,1,💛 Loyal,0
15794.0,127,2,777.0,0,🏆 Champions,1
15795.0,10,5,859.33,1,💛 Loyal,0
15796.0,9,1,169.8,1,💛 Loyal,0
15797.0,72,1,300.68,0,🏆 Champions,0
15798.0,36,2,1124.66,1,💛 Loyal,0
15800.0,9,4,367.58,1,💛 Loyal,0
15803.0,66,1,603.8,0,🏆 Champions,0
15805.0,53,3,1597.02,1,💛 Loyal,0
15807.0,56,1,401.94,1,💛 Loyal,0
15808.0,9,8,6604.96,1,💛 Loyal,0
15810.0,18,2,849.2,1,💛 Loyal,0
15812.0,35,3,732.23,1,💛 Loyal,0
15819.0,22,2,525.32,1,💛 Loyal,0
15822.0,124,1,474.32,0,🏆 Champions,1
15823.0,119,2,3867.17,0,🏆 Champions,1
15827.0,2,4,710.05,1,💛 Loyal,0
15833.0,128,1,80.4,0,🏆 Champions,1
15838.0,31,2,1264.56,1,💛 Loyal,0
15841.0,110,2,603.75,0,🏆 Champions,1
15845.0,73,1,216.04,0,🏆 Champions,0
15847.0,32,1,80.62,1,💛 Loyal,0
15848.0,12,1,139.94,1,💛 Loyal,0
15850.0,117,1,106.65,0,🏆 Champions,1
15854.0,2,2,735.0,1,💛 Loyal,0
15856.0,7,8,6024.0,1,💛 Loyal,0
15858.0,22,4,959.57,1,💛 Loyal,0
15860.0,18,3,416.5,1,💛 Loyal,0
15861.0,70,1,413.75,0,🏆 Champions,0
15862.0,10,5,933.9,1,💛 Loyal,0
15863.0,7,3,289.86,1,💛 Loyal,0
15865.0,94,1,714.05,0,🏆 Champions,1
15867.0,3,9,2592.16,1,💛 Loyal,0
15869.0,16,1,174.02,1,💛 Loyal,0
15874.0,10,6,2403.96,1,💛 Loyal,0
15875.0,36,1,111.72,1,💛 Loyal,0
15878.0,124,1,212.13,0,🏆 Champions,1
15879.0,112,1,133.34,0,🏆 Champions,1
15882.0,66,2,347.94,0,🏆 Champions,0
15884.0,126,1,241.8,0,🏆 Champions,1
15885.0,24,3,264.08,1,💛 Loyal,0
15889.0,113,2,376.77,0,🏆 Champions,1
15892.0,59,1,128.2,0,🏆 Champions,0
15898.0,30,7,1669.4,1,💛 Loyal,0
15903.0,85,1,39.8,0,🏆 Champions,0
15910.0,36,2,288.02,1,💛 Loyal,0
15911.0,14,8,1702.34,1,💛 Loyal,0
15912.0,79,4,517.54,0,🏆 Champions,0
15916.0,32,3,884.46,1,💛 Loyal,0
15917.0,112,3,315.33,0,🏆 Champions,1
15918.0,22,1,248.65,1,💛 Loyal,0
15920.0,16,3,164.49,1,💛 Loyal,0
15921.0,31,1,100.18,1,💛 Loyal,0
15924.0,122,1,102.82,0,🏆 Champions,1
15927.0,38,1,123.39,1,💛 Loyal,0
15928.0,47,1,293.53,1,💛 Loyal,0
15929.0,35,1,594.0,1,💛 Loyal,0
15941.0,28,1,405.0,1,💛 Loyal,0
15943.0,40,2,271.28999999999996,1,💛 Loyal,0
15944.0,117,1,588.4,0,🏆 Champions,1
15945.0,83,2,351.32,0,🏆 Champions,0
15946.0,24,1,1155.02,1,💛 Loyal,0
15950.0,36,2,1308.46,1,💛 Loyal,0
15953.0,40,3,647.48,1,💛 Loyal,0
15955.0,29,2,725.1800000000001,1,💛 Loyal,0
15956.0,117,1,326.4,0,🏆 Champions,1
15959.0,72,3,579.49,0,🏆 Champions,0
15964.0,53,1,272.96000000000004,1,💛 Loyal,0
15965.0,12,3,544.7,1,💛 Loyal,0
15967.0,45,3,383.09000000000003,1,💛 Loyal,0
15971.0,114,2,446.28,0,🏆 Champions,1
15978.0,35,1,599.12,1,💛 Loyal,0
15981.0,10,2,1485.94,1,💛 Loyal,0
15983.0,117,3,1199.59,0,🏆 Champions,1
15984.0,17,8,2405.84,1,💛 Loyal,0
15988.0,47,1,268.8,1,💛 Loyal,0
15989.0,127,1,143.11,0,🏆 Champions,1
15990.0,23,2,465.33,1,💛 Loyal,0
15994.0,26,1,404.16,1,💛 Loyal,0
15998.0,17,6,2722.0099999999998,1,💛 Loyal,0
15999.0,126,1,20.4,0,🏆 Champions,1
16002.0,16,1,169.21,1,💛 Loyal,0
16003.0,16,3,997.27,1,💛 Loyal,0
16004.0,23,2,762.74,1,💛 Loyal,0
16008.0,21,1,291.45,1,💛 Loyal,0
16011.0,28,4,679.43,1,💛 Loyal,0
16013.0,32,6,2694.33,1,💛 Loyal,0
16014.0,68,1,257.71,0,🏆 Champions,0
16017.0,22,3,927.35,1,💛 Loyal,0
16018.0,123,1,195.78,0,🏆 Champions,1
16019.0,11,8,4264.32,1,💛 Loyal,0
16027.0,31,5,633.9,1,💛 Loyal,0
16029.0,3,20,22041.12,3,❌ Lost,0
16036.0,11,1,848.6800000000001,1,💛 Loyal,0
16037.0,39,1,353.72,1,💛 Loyal,0
16039.0,19,1,143.48000000000002,1,💛 Loyal,0
16047.0,72,1,107.14,0,🏆 Champions,0
16051.0,72,1,188.44,0,🏆 Champions,0
16053.0,1,1,632.66,1,💛 Loyal,0
16054.0,7,1,452.48,1,💛 Loyal,0
16057.0,46,2,1265.43,1,💛 Loyal,0
16064.0,115,1,111.0,0,🏆 Champions,1
16067.0,11,2,3133.71,1,💛 Loyal,0
16071.0,17,2,566.16,1,💛 Loyal,0
16077.0,16,1,2300.4,1,💛 Loyal,0
16078.0,60,1,283.79,0,🏆 Champions,0
16081.0,65,1,105.88,0,🏆 Champions,0
16082.0,61,1,106.75,0,🏆 Champions,0
16085.0,9,3,679.65,1,💛 Loyal,0
16086.0,128,1,284.55,0,🏆 Champions,1
16087.0,67,2,671.8,0,🏆 Champions,0
16090.0,15,1,205.91,1,💛 Loyal,0
16096.0,35,1,576.9,1,💛 Loyal,0
16098.0,52,2,366.63,1,💛 Loyal,0
16099.0,37,1,136.5,1,💛 Loyal,0
16103.0,38,3,763.1,1,💛 Loyal,0
16104.0,12,5,1715.32,1,💛 Loyal,0
16108.0,22,1,327.19,1,💛 Loyal,0
16109.0,89,1,327.6,0,🏆 Champions,0
16118.0,43,1,4376.25,1,💛 Loyal,0
16119.0,114,1,183.4,0,🏆 Champions,1
16124.0,123,1,463.0,0,🏆 Champions,1
16125.0,22,6,1847.3,1,💛 Loyal,0
16126.0,29,3,1297.64,1,💛 Loyal,0
16127.0,117,1,145.06,0,🏆 Champions,1
16130.0,8,1,207.95000000000002,1,💛 Loyal,0
16131.0,128,1,1317.97,0,🏆 Champions,1
16132.0,18,1,353.4,1,💛 Loyal,0
16133.0,9,2,702.23,1,💛 Loyal,0
16136.0,54,1,237.42,1,💛 Loyal,0
16137.0,71,1,422.7,0,🏆 Champions,0
16139.0,113,2,475.74,0,🏆 Champions,1
16143.0,50,2,743.87,1,💛 Loyal,0
16147.0,63,1,674.64,0,🏆 Champions,0
16150.0,24,2,692.98,1,💛 Loyal,0
16156.0,35,4,1073.77,1,💛 Loyal,0
16158.0,14,5,371.47,1,💛 Loyal,0
16159.0,38,2,657.01,1,💛 Loyal,0
16161.0,29,2,255.55,1,💛 Loyal,0
16163.0,122,2,838.28,0,🏆 Champions,1
16166.0,82,1,239.84,0,🏆 Champions,0
16167.0,7,2,873.24,1,💛 Loyal,0
16168.0,19,4,684.58,1,💛 Loyal,0
16170.0,14,2,729.08,1,💛 Loyal,0
16176.0,11,1,728.39,1,💛 Loyal,0
16177.0,38,1,341.73,1,💛 Loyal,0
16182.0,31,1,495.0,1,💛 Loyal,0
16186.0,3,3,1174.19,1,💛 Loyal,0
16190.0,116,1,196.92000000000002,0,🏆 Champions,1
16191.0,119,1,348.6,0,🏆 Champions,1
16192.0,126,1,351.3,0,🏆 Champions,1
16195.0,114,1,323.25,0,🏆 Champions,1
16197.0,11,2,616.8100000000001,1,💛 Loyal,0
16199.0,21,1,66.0,1,💛 Loyal,0
16200.0,47,7,3107.4900000000002,1,💛 Loyal,0
16202.0,39,4,1122.05,1,💛 Loyal,0
16204.0,121,1,213.27,0,🏆 Champions,1
16206.0,74,1,340.17,0,🏆 Champions,0
16208.0,31,2,597.15,1,💛 Loyal,0
16210.0,14,9,4369.14,1,💛 Loyal,0
16212.0,9,2,603.37,1,💛 Loyal,0
16222.0,112,1,498.5,0,🏆 Champions,1
16225.0,18,4,758.47,1,💛 Loyal,0
16233.0,77,2,578.5,0,🏆 Champions,0
16242.0,24,1,527.48,1,💛 Loyal,0
16246.0,60,1,166.9,0,🏆 Champions,0
16253.0,80,2,1055.53,0,🏆 Champions,0
16254.0,22,1,177.44,1,💛 Loyal,0
16255.0,26,2,616.17,1,💛 Loyal,0
16258.0,30,1,754.95,1,💛 Loyal,0
16266.0,3,2,271.12,1,💛 Loyal,0
16271.0,33,1,679.04,1,💛 Loyal,0
16273.0,39,2,336.03999999999996,1,💛 Loyal,0
16275.0,32,1,695.84,1,💛 Loyal,0
16277.0,124,1,188.69,0,🏆 Champions,1
16280.0,115,1,238.05,0,🏆 Champions,1
16281.0,73,1,781.52,0,🏆 Champions,0
16282.0,109,1,270.0,0,🏆 Champions,1
16283.0,40,1,873.12,1,💛 Loyal,0
16285.0,36,1,176.9,1,💛 Loyal,0
16286.0,14,1,272.95,1,💛 Loyal,0
16287.0,32,2,364.32,1,💛 Loyal,0
16291.0,72,1,117.72,0,🏆 Champions,0
16293.0,119,1,325.64,0,🏆 Champions,1
16296.0,17,4,1313.67,1,💛 Loyal,0
16300.0,16,2,863.47,1,💛 Loyal,0
16301.0,127,1,107.33,0,🏆 Champions,1
16303.0,22,1,618.36,1,💛 Loyal,0
16304.0,85,1,381.66,0,🏆 Champions,0
16308.0,114,1,960.0,0,🏆 Champions,1
16310.0,32,1,190.38,1,💛 Loyal,0
16320.0,72,1,823.15,0,🏆 Champions,0
16321.0,16,2,230.9,1,💛 Loyal,0
16325.0,91,3,519.64,0,🏆 Champions,1
16326.0,19,2,547.9,1,💛 Loyal,0
16327.0,11,5,3496.01,1,💛 Loyal,0
16329.0,36,2,685.25,1,💛 Loyal,0
16330.0,53,1,51.43,1,💛 Loyal,0
16331.0,23,2,1452.1,1,💛 Loyal,0
16335.0,21,5,2114.05,1,💛 Loyal,0
16336.0,22,2,1787.9,1,💛 Loyal,0
16344.0,59,1,209.1,0,🏆 Champions,0
16347.0,8,2,537.43,1,💛 Loyal,0
16351.0,8,6,1211.04,1,💛 Loyal,0
16353.0,59,9,1301.5,1,💛 Loyal,0
16359.0,52,1,178.43,1,💛 Loyal,0
16365.0,22,2,545.92,1,💛 Loyal,0
16366.0,71,2,908.89,0,🏆 Champions,0
16369.0,1,1,222.25,1,💛 Loyal,0
16377.0,8,1,632.28,1,💛 Loyal,0
16383.0,64,1,460.39,0,🏆 Champions,0
16385.0,22,1,110.26,1,💛 Loyal,0
16387.0,29,1,140.19,1,💛 Loyal,0
16388.0,44,1,186.05,1,💛 Loyal,0
16390.0,69,1,193.8,0,🏆 Champions,0
16393.0,9,3,944.16,1,💛 Loyal,0
16395.0,120,2,244.66,0,🏆 Champions,1
16397.0,18,1,127.88,1,💛 Loyal,0
16400.0,2,3,1162.51,1,💛 Loyal,0
16406.0,44,1,212.85,1,💛 Loyal,0
16409.0,51,2,802.9,1,💛 Loyal,0
16410.0,125,1,130.32,0,🏆 Champions,1
16412.0,64,1,94.55,0,🏆 Champions,0
16414.0,85,1,129.09,0,🏆 Champions,0
16415.0,67,1,188.65,0,🏆 Champions,0
16416.0,45,1,637.4399999999999,1,💛 Loyal,0
16419.0,59,1,224.38,0,🏆 Champions,0
16422.0,22,8,4057.38,1,💛 Loyal,0
16430.0,72,1,104.95,0,🏆 Champions,0
16434.0,8,3,661.28,1,💛 Loyal,0
16436.0,59,3,329.34,1,💛 Loyal,0
16439.0,113,1,310.70000000000005,0,🏆 Champions,1
16441.0,17,1,225.74,1,💛 Loyal,0
16442.0,117,1,155.06,0,🏆 Champions,1
16444.0,16,1,354.79,1,💛 Loyal,0
16447.0,51,1,206.83,1,💛 Loyal,0
16450.0,46,1,408.29,1,💛 Loyal,0
16451.0,126,1,307.65000000000003,0,🏆 Champions,1
16452.0,21,2,332.17,1,💛 Loyal,0
16454.0,1,1,1.55,1,💛 Loyal,0
16455.0,10,1,905.16,1,💛 Loyal,0
16456.0,11,1,749.28,1,💛 Loyal,0
16459.0,120,1,71.78999999999999,0,🏆 Champions,1
16461.0,37,1,776.65,1,💛 Loyal,0
16466.0,33,1,479.90999999999997,1,💛 Loyal,0
16467.0,24,4,2475.08,1,💛 Loyal,0
16470.0,119,1,199.68,0,🏆 Champions,1
16471.0,43,1,323.38,1,💛 Loyal,0
16481.0,73,1,453.38,0,🏆 Champions,0
16485.0,47,2,917.74,1,💛 Loyal,0
16487.0,49,1,102.2,1,💛 Loyal,0
16493.0,14,1,465.51,1,💛 Loyal,0
16497.0,22,3,1046.21,1,💛 Loyal,0
16502.0,11,2,266.5,1,💛 Loyal,0
16508.0,21,1,248.8,1,💛 Loyal,0
16510.0,13,3,974.98,1,💛 Loyal,0
16511.0,39,1,300.15,1,💛 Loyal,0
16519.0,39,1,177.63,1,💛 Loyal,0
16520.0,37,1,281.86,1,💛 Loyal,0
16521.0,39,1,95.12,1,💛 Loyal,0
16523.0,37,2,735.13,1,💛 Loyal,0
16524.0,82,1,101.3,0,🏆 Champions,0
16525.0,22,10,5749.75,1,💛 Loyal,0
16530.0,58,1,48.349999999999994,1,💛 Loyal,0
16532.0,11,1,861.5999999999999,1,💛 Loyal,0
16534.0,32,1,635.9,1,💛 Loyal,0
16535.0,70,1,20.0,0,🏆 Champions,0
16537.0,32,1,23.35,1,💛 Loyal,0
16541.0,126,1,424.03,0,🏆 Champions,1
16544.0,53,3,266.40000000000003,1,💛 Loyal,0
16549.0,11,1,186.23,1,💛 Loyal,0
16550.0,15,6,2581.17,1,💛 Loyal,0
16551.0,8,3,961.44,1,💛 Loyal,0
16553.0,15,6,2255.96,1,💛 Loyal,0
16554.0,15,2,743.79,1,💛 Loyal,0
16556.0,37,4,1836.63,1,💛 Loyal,0
16558.0,14,3,1005.64,1,💛 Loyal,0
16560.0,18,4,1524.46,1,💛 Loyal,0
16563.0,50,2,851.42,1,💛 Loyal,0
16568.0,32,1,477.30000000000007,1,💛 Loyal,0
16569.0,22,4,1331.03,1,💛 Loyal,0
16570.0,10,1,630.35,1,💛 Loyal,0
16571.0,22,1,407.91,1,💛 Loyal,0
16574.0,49,1,590.91,1,💛 Loyal,0
16577.0,57,1,380.0,1,💛 Loyal,0
16578.0,17,1,156.6,1,💛 Loyal,0
16583.0,64,1,64.5,0,🏆 Champions,0
16584.0,52,1,931.72,1,💛 Loyal,0
16585.0,86,1,89.32,0,🏆 Champions,0
16586.0,26,1,328.05,1,💛 Loyal,0
16592.0,75,2,609.28,0,🏆 Champions,0
16593.0,110,2,278.73,0,🏆 Champions,1
16595.0,82,1,519.18,0,🏆 Champions,0
16596.0,80,2,208.83,0,🏆 Champions,0
16600.0,112,1,310.01,0,🏆 Champions,1
16601.0,14,1,67.25,1,💛 Loyal,0
16605.0,114,1,60.48,0,🏆 Champions,1
16608.0,54,1,687.4,1,💛 Loyal,0
16611.0,10,2,514.99,1,💛 Loyal,0
16612.0,126,1,510.87,0,🏆 Champions,1
16615.0,17,1,291.5,1,💛 Loyal,0
16619.0,46,1,995.21,1,💛 Loyal,0
16620.0,34,2,1009.81,1,💛 Loyal,0
16628.0,32,1,78.0,1,💛 Loyal,0
16631.0,42,1,365.33000000000004,1,💛 Loyal,0
16634.0,11,2,619.2,1,💛 Loyal,0
16636.0,21,2,2271.15,1,💛 Loyal,0
16641.0,92,1,323.40000000000003,0,🏆 Champions,1
16645.0,126,1,160.39,0,🏆 Champions,1
16652.0,23,1,1448.64,1,💛 Loyal,0
16654.0,3,1,269.7,1,💛 Loyal,0
16655.0,11,2,496.88,1,💛 Loyal,0
16656.0,2,5,3154.6800000000003,1,💛 Loyal,0
16658.0,9,1,132.52,1,💛 Loyal,0
16660.0,85,1,141.6,0,🏆 Champions,0
16661.0,112,1,282.3,0,🏆 Champions,1
16663.0,120,1,165.0,0,🏆 Champions,1
16666.0,12,1,106.96000000000001,1,💛 Loyal,0
16668.0,21,1,138.54,1,💛 Loyal,0
16670.0,14,3,1874.6100000000001,1,💛 Loyal,0
16673.0,70,1,188.83,0,🏆 Champions,0
16677.0,42,1,263.23,1,💛 Loyal,0
16681.0,32,1,151.5,1,💛 Loyal,0
16684.0,43,6,12477.72,1,💛 Loyal,0
16686.0,25,3,599.22,1,💛 Loyal,0
16693.0,47,1,220.56,1,💛 Loyal,0
16694.0,113,1,98.30000000000001,0,🏆 Champions,1
16699.0,15,2,278.7,1,💛 Loyal,0
16700.0,30,4,1295.28,1,💛 Loyal,0
16701.0,31,4,1415.91,1,💛 Loyal,0
16702.0,44,2,468.07,1,💛 Loyal,0
16704.0,9,2,695.66,1,💛 Loyal,0
16705.0,38,6,7678.241,1,💛 Loyal,0
16707.0,31,1,185.99,1,💛 Loyal,0
16709.0,65,2,1926.15,0,🏆 Champions,0
16710.0,12,5,1485.46,1,💛 Loyal,0
16711.0,16,3,895.65,1,💛 Loyal,0
16713.0,8,8,3644.32,1,💛 Loyal,0
16714.0,61,1,368.27,0,🏆 Champions,0
16716.0,21,1,1248.48,1,💛 Loyal,0
16717.0,39,2,733.89,1,💛 Loyal,0
16718.0,28,3,1918.38,1,💛 Loyal,0
16719.0,30,3,860.59,1,💛 Loyal,0
16720.0,112,1,173.22,0,🏆 Champions,1
16722.0,21,3,971.23,1,💛 Loyal,0
16723.0,126,1,460.55,0,🏆 Champions,1
16725.0,116,1,213.88,0,🏆 Champions,1
16727.0,12,2,848.44,1,💛 Loyal,0
16731.0,39,1,174.05,1,💛 Loyal,0
16732.0,2,2,1472.88,1,💛 Loyal,0
16735.0,16,4,1632.34,1,💛 Loyal,0
16736.0,114,3,1671.13,0,🏆 Champions,1
16741.0,16,1,173.06,1,💛 Loyal,0
16742.0,22,6,1158.45,1,💛 Loyal,0
16746.0,3,10,4041.85,1,💛 Loyal,0
16748.0,36,3,314.85,1,💛 Loyal,0
16749.0,115,1,2343.72,0,🏆 Champions,1
16754.0,3,7,13363.6,1,💛 Loyal,0
16755.0,65,2,431.99,0,🏆 Champions,0
16756.0,30,1,273.54,1,💛 Loyal,0
16763.0,128,1,352.85,0,🏆 Champions,1
16768.0,12,3,686.68,1,💛 Loyal,0
16769.0,116,2,394.46000000000004,0,🏆 Champions,1
16771.0,36,3,1506.54,1,💛 Loyal,0
16772.0,91,2,2001.1,0,🏆 Champions,1
16773.0,124,1,137.75,0,🏆 Champions,1
16774.0,51,1,354.7,1,💛 Loyal,0
16777.0,23,1,209.88,1,💛 Loyal,0
16779.0,8,15,15413.59,3,❌ Lost,0
16781.0,60,1,311.75,0,🏆 Champions,0
16782.0,3,4,858.0600000000001,1,💛 Loyal,0
16784.0,12,1,210.47,1,💛 Loyal,0
16787.0,12,2,705.16,1,💛 Loyal,0
16788.0,61,1,418.65,0,🏆 Champions,0
16791.0,31,3,732.8,1,💛 Loyal,0
16792.0,95,1,211.29,0,🏆 Champions,1
16794.0,15,1,243.03,1,💛 Loyal,0
16795.0,74,1,617.97,0,🏆 Champions,0
16797.0,46,2,530.13,1,💛 Loyal,0
16798.0,33,2,584.51,1,💛 Loyal,0
16802.0,70,2,582.61,0,🏆 Champions,0
16805.0,116,2,289.0,0,🏆 Champions,1
16807.0,14,1,274.05,1,💛 Loyal,0
16822.0,77,1,181.39,0,🏆 Champions,0
16823.0,17,2,455.38,1,💛 Loyal,0
16830.0,66,2,480.39,0,🏆 Champions,0
16833.0,13,1,312.88,1,💛 Loyal,0
16834.0,65,1,485.5,0,🏆 Champions,0
16838.0,53,1,341.23,1,💛 Loyal,0
16839.0,57,1,324.82,1,💛 Loyal,0
16840.0,65,1,107.75,0,🏆 Champions,0
16841.0,58,2,585.21,1,💛 Loyal,0
16843.0,3,5,3431.97,1,💛 Loyal,0
16845.0,9,1,253.88,1,💛 Loyal,0
16846.0,30,1,355.86,1,💛 Loyal,0
16847.0,9,1,421.45000000000005,1,💛 Loyal,0
16854.0,31,1,1290.81,1,💛 Loyal,0
16858.0,19,5,1546.96,1,💛 Loyal,0
16859.0,36,1,257.77,1,💛 Loyal,0
16860.0,53,1,517.12,1,💛 Loyal,0
16862.0,92,1,165.60000000000002,0,🏆 Champions,1
16867.0,80,1,76.74000000000001,0,🏆 Champions,0
16873.0,59,1,1460.7,1,💛 Loyal,0
16875.0,23,2,1182.5,1,💛 Loyal,0
16883.0,126,1,108.95,0,🏆 Champions,1
16887.0,129,1,219.82,0,🏆 Champions,1
16888.0,66,2,317.31,0,🏆 Champions,0
16891.0,23,4,729.63,1,💛 Loyal,0
16892.0,122,1,97.55,0,🏆 Champions,1
16895.0,18,2,337.29,1,💛 Loyal,0
16901.0,119,1,204.26,0,🏆 Champions,1
16905.0,21,4,626.45,1,💛 Loyal,0
16908.0,113,1,252.59,0,🏆 Champions,1
16911.0,26,2,255.25,1,💛 Loyal,0
16912.0,47,2,725.84,1,💛 Loyal,0
16913.0,42,2,310.46999999999997,1,💛 Loyal,0
16917.0,22,1,1466.31,1,💛 Loyal,0
16918.0,8,5,1193.22,1,💛 Loyal,0
16923.0,14,3,1190.61,1,💛 Loyal,0
16928.0,51,2,127.2,1,💛 Loyal,0
16933.0,29,3,1562.86,1,💛 Loyal,0
16934.0,12,1,382.2,1,💛 Loyal,0
16938.0,51,1,869.82,1,💛 Loyal,0
16939.0,12,2,327.09,1,💛 Loyal,0
16940.0,52,2,1210.1299999999999,1,💛 Loyal,0
16941.0,2,1,33.0,1,💛 Loyal,0
16943.0,15,1,241.38,1,💛 Loyal,0
16945.0,23,5,1504.06,1,💛 Loyal,0
16946.0,30,2,677.0400000000001,1,💛 Loyal,0
16947.0,37,1,508.33,1,💛 Loyal,0
16948.0,47,1,110.9,1,💛 Loyal,0
16950.0,40,2,640.57,1,💛 Loyal,0
16952.0,119,1,252.04,0,🏆 Champions,1
16954.0,9,4,1972.96,1,💛 Loyal,0
16955.0,68,1,310.39,0,🏆 Champions,0
16960.0,38,1,443.98,1,💛 Loyal,0
16964.0,124,2,207.85,0,🏆 Champions,1
16970.0,17,1,71.4,1,💛 Loyal,0
16977.0,22,1,140.20000000000002,1,💛 Loyal,0
16978.0,56,2,424.55,1,💛 Loyal,0
16984.0,15,2,2159.34,1,💛 Loyal,0
16985.0,46,4,2252.35,1,💛 Loyal,0
16986.0,63,6,2591.85,1,💛 Loyal,0
16987.0,113,2,290.91,0,🏆 Champions,1
16992.0,57,1,114.88,1,💛 Loyal,0
17001.0,15,1,577.24,1,💛 Loyal,0
17002.0,31,2,216.36,1,💛 Loyal,0
17006.0,35,1,180.81,1,💛 Loyal,0
17011.0,38,2,400.8,1,💛 Loyal,0
17012.0,115,1,384.16,0,🏆 Champions,1
17017.0,127,1,277.5,0,🏆 Champions,1
17018.0,91,2,708.6,0,🏆 Champions,1
17019.0,16,2,580.37,1,💛 Loyal,0
17020.0,37,1,316.86,1,💛 Loyal,0
17023.0,88,1,142.35,0,🏆 Champions,0
17025.0,32,1,848.7,1,💛 Loyal,0
17027.0,44,2,244.25,1,💛 Loyal,0
17028.0,44,2,570.09,1,💛 Loyal,0
17029.0,30,2,601.0,1,💛 Loyal,0
17032.0,42,4,2278.45,1,💛 Loyal,0
17035.0,127,1,54.599999999999994,0,🏆 Champions,1
17043.0,120,1,380.36,0,🏆 Champions,1
17044.0,7,3,2170.28,1,💛 Loyal,0
17046.0,11,1,359.44,1,💛 Loyal,0
17047.0,1,2,765.93,1,💛 Loyal,0
17048.0,81,1,213.53,0,🏆 Champions,0
17049.0,9,2,939.52,1,💛 Loyal,0
17050.0,40,2,510.46999999999997,1,💛 Loyal,0
17051.0,19,1,167.65,1,💛 Loyal,0
17056.0,129,1,128.60000000000002,0,🏆 Champions,1
17059.0,30,2,936.03,1,💛 Loyal,0
17063.0,32,2,574.86,1,💛 Loyal,0
17065.0,28,2,194.7,1,💛 Loyal,0
17066.0,117,1,228.34,0,🏆 Champions,1
17067.0,115,3,454.54,0,🏆 Champions,1
17068.0,12,1,253.45,1,💛 Loyal,0
17069.0,127,1,500.55,0,🏆 Champions,1
17071.0,75,1,308.01,0,🏆 Champions,0
17072.0,15,1,282.05,1,💛 Loyal,0
17075.0,22,4,763.18,1,💛 Loyal,0
17076.0,29,2,191.75,1,💛 Loyal,0
17081.0,46,1,112.88,1,💛 Loyal,0
17082.0,16,3,1785.38,1,💛 Loyal,0
17083.0,8,2,905.13,1,💛 Loyal,0
17085.0,25,7,1545.37,1,💛 Loyal,0
17087.0,128,1,221.53,0,🏆 Champions,1
17091.0,53,2,624.88,1,💛 Loyal,0
17092.0,65,1,287.26,0,🏆 Champions,0
17095.0,22,2,629.9300000000001,1,💛 Loyal,0
17103.0,113,1,424.3,0,🏆 Champions,1
17107.0,67,1,1614.3899999999999,0,🏆 Champions,0
17108.0,54,1,174.95,1,💛 Loyal,0
17110.0,1,1,197.1,1,💛 Loyal,0
17113.0,16,3,961.83,1,💛 Loyal,0
17115.0,71,2,1280.96,0,🏆 Champions,0
17116.0,38,1,389.78,1,💛 Loyal,0
17127.0,126,1,137.95,0,🏆 Champions,1
17133.0,19,1,2613.62,1,💛 Loyal,0
17136.0,53,1,231.68,1,💛 Loyal,0
17137.0,68,2,400.32,0,🏆 Champions,0
17138.0,18,3,2966.68,1,💛 Loyal,0
17139.0,49,3,2611.21,1,💛 Loyal,0
17141.0,75,2,406.44,0,🏆 Champions,0
17142.0,74,1,225.5,0,🏆 Champions,0
17145.0,49,1,897.0300000000001,1,💛 Loyal,0
17146.0,66,1,1023.6,0,🏆 Champions,0
17147.0,17,2,608.87,1,💛 Loyal,0
17150.0,40,3,517.6800000000001,1,💛 Loyal,0
17151.0,126,1,231.90000000000003,0,🏆 Champions,1
17155.0,12,3,390.36,1,💛 Loyal,0
17157.0,31,8,2432.38,1,💛 Loyal,0
17158.0,32,1,298.5,1,💛 Loyal,0
17159.0,36,1,261.3,1,💛 Loyal,0
17160.0,14,4,1992.69,1,💛 Loyal,0
17163.0,66,1,141.24,0,🏆 Champions,0
17165.0,16,3,945.9300000000001,1,💛 Loyal,0
17171.0,52,1,159.68,1,💛 Loyal,0
17172.0,117,1,336.82,0,🏆 Champions,1
17176.0,67,1,286.34,0,🏆 Champions,0
17178.0,121,1,436.71,0,🏆 Champions,1
17180.0,25,2,362.95,1,💛 Loyal,0
17182.0,108,1,178.5,0,🏆 Champions,1
17184.0,121,1,50.55,0,🏆 Champions,1
17188.0,37,3,981.19,1,💛 Loyal,0
17189.0,114,2,444.67,0,🏆 Champions,1
17190.0,35,1,405.41999999999996,1,💛 Loyal,0
17191.0,13,3,900.37,1,💛 Loyal,0
17193.0,128,1,45.0,0,🏆 Champions,1
17195.0,46,1,562.98,1,💛 Loyal,0
17200.0,43,2,165.06,1,💛 Loyal,0
17201.0,58,1,480.82,1,💛 Loyal,0
17207.0,42,1,303.21999999999997,1,💛 Loyal,0
17209.0,39,3,611.6,1,💛 Loyal,0
17211.0,40,4,1263.0,1,💛 Loyal,0
17213.0,31,4,1337.95,1,💛 Loyal,0
17217.0,10,1,104.5,1,💛 Loyal,0
17218.0,7,3,673.09,1,💛 Loyal,0
17220.0,30,4,634.9399999999999,1,💛 Loyal,0
17222.0,31,3,496.88,1,💛 Loyal,0
17226.0,56,1,425.63,1,💛 Loyal,0
17227.0,22,2,377.55,1,💛 Loyal,0
17228.0,28,1,128.06,1,💛 Loyal,0
17230.0,21,7,4928.64,1,💛 Loyal,0
17231.0,24,6,1273.9,1,💛 Loyal,0
17233.0,115,1,179.36,0,🏆 Champions,1
17236.0,19,2,382.43,1,💛 Loyal,0
17238.0,24,4,915.11,1,💛 Loyal,0
17241.0,10,5,1446.99,1,💛 Loyal,0
17242.0,75,1,441.26,0,🏆 Champions,0
17243.0,12,18,6388.09,3,❌ Lost,0
17244.0,124,1,260.65,0,🏆 Champions,1
17245.0,79,1,200.18,0,🏆 Champions,0
17246.0,128,1,23.48,0,🏆 Champions,1
17251.0,115,1,306.40000000000003,0,🏆 Champions,1
17258.0,55,1,283.85,1,💛 Loyal,0
17259.0,46,1,309.87,1,💛 Loyal,0
17262.0,115,1,169.5,0,🏆 Champions,1
17266.0,31,1,116.67999999999999,1,💛 Loyal,0
17268.0,24,2,268.5,1,💛 Loyal,0
17270.0,122,1,389.62,0,🏆 Champions,1
17271.0,127,1,210.39,0,🏆 Champions,1
17281.0,3,2,201.75,1,💛 Loyal,0
17285.0,19,2,428.34,1,💛 Loyal,0
17287.0,36,7,971.07,1,💛 Loyal,0
17289.0,28,2,349.79,1,💛 Loyal,0
17290.0,14,2,158.99,1,💛 Loyal,0
17293.0,63,3,569.99,0,🏆 Champions,0
17294.0,59,2,467.78999999999996,1,💛 Loyal,0
17296.0,121,1,338.13,0,🏆 Champions,1
17298.0,32,1,122.02000000000001,1,💛 Loyal,0
17301.0,15,1,132.8,1,💛 Loyal,0
17305.0,39,1,2135.46,1,💛 Loyal,0
17307.0,22,3,457.92,1,💛 Loyal,0
17309.0,63,1,220.09,0,🏆 Champions,0
17311.0,65,1,509.46,0,🏆 Champions,0
17314.0,68,2,250.10000000000002,0,🏆 Champions,0
17318.0,116,1,164.28,0,🏆 Champions,1
17319.0,59,1,29.1,0,🏆 Champions,0
17320.0,77,1,323.66,0,🏆 Champions,0
17322.0,127,1,114.55,0,🏆 Champions,1
17323.0,42,2,247.25,1,💛 Loyal,0
17324.0,39,2,141.36,1,💛 Loyal,0
17325.0,32,1,101.89999999999999,1,💛 Loyal,0
17328.0,63,1,104.7,0,🏆 Champions,0
17329.0,121,3,481.32,0,🏆 Champions,1
17330.0,38,1,49.95,1,💛 Loyal,0
17332.0,26,2,385.71,1,💛 Loyal,0
17335.0,75,1,154.77,0,🏆 Champions,0
17338.0,29,1,272.16,1,💛 Loyal,0
17340.0,18,2,1940.74,1,💛 Loyal,0
17342.0,51,2,626.14,1,💛 Loyal,0
17343.0,81,2,461.13,0,🏆 Champions,0
17344.0,119,1,307.54,0,🏆 Champions,1
17345.0,128,1,329.90999999999997,0,🏆 Champions,1
17348.0,30,1,429.81,1,💛 Loyal,0
17349.0,22,1,136.10000000000002,1,💛 Loyal,0
17350.0,66,1,342.25100000000003,0,🏆 Champions,0
17351.0,51,4,647.13,1,💛 Loyal,0
17352.0,86,1,36.25,0,🏆 Champions,0
17353.0,15,1,342.0,1,💛 Loyal,0
17356.0,22,2,422.22999999999996,1,💛 Loyal,0
17358.0,43,1,117.22,1,💛 Loyal,0
17359.0,39,1,156.6,1,💛 Loyal,0
17361.0,67,2,392.44,0,🏆 Champions,0
17362.0,39,3,399.0,1,💛 Loyal,0
17364.0,22,6,2360.4700000000003,1,💛 Loyal,0
17365.0,33,2,616.95,1,💛 Loyal,0
17368.0,114,1,205.32,0,🏆 Champions,1
17371.0,14,3,238.66,1,💛 Loyal,0
17372.0,12,9,1167.76,1,💛 Loyal,0
17373.0,40,1,163.7,1,💛 Loyal,0
17377.0,9,23,4704.34,3,❌ Lost,0
17388.0,120,1,228.96,0,🏆 Champions,1
17389.0,17,2,1030.22,1,💛 Loyal,0
17400.0,48,2,1775.31,1,💛 Loyal,0
17402.0,16,3,210.7,1,💛 Loyal,0
17404.0,52,3,3055.87,1,💛 Loyal,0
17406.0,64,2,693.12,0,🏆 Champions,0
17409.0,29,3,2472.46,1,💛 Loyal,0
17411.0,127,1,344.40000000000003,0,🏆 Champions,1
17412.0,68,4,1277.59,0,🏆 Champions,0
17414.0,126,1,239.68,0,🏆 Champions,1
17416.0,3,2,1935.0,1,💛 Loyal,0
17419.0,11,2,380.17,1,💛 Loyal,0
17421.0,125,1,130.8,0,🏆 Champions,1
17426.0,1,3,1221.05,1,💛 Loyal,0
17428.0,8,5,5379.46,1,💛 Loyal,0
17432.0,17,2,289.35,1,💛 Loyal,0
17436.0,123,1,76.5,0,🏆 Champions,1
17438.0,31,1,263.73,1,💛 Loyal,0
17439.0,46,1,325.74,1,💛 Loyal,0
17441.0,123,1,293.35,0,🏆 Champions,1
17442.0,52,1,517.57,1,💛 Loyal,0
17448.0,11,22,7156.7300000000005,3,❌ Lost,0
17449.0,32,2,663.83,1,💛 Loyal,0
17454.0,32,2,362.95,1,💛 Loyal,0
17457.0,3,3,1934.82,1,💛 Loyal,0
17460.0,9,3,619.9,1,💛 Loyal,0
17464.0,10,1,326.29,1,💛 Loyal,0
17465.0,19,4,1409.76,1,💛 Loyal,0
17469.0,49,3,1020.99,1,💛 Loyal,0
17472.0,19,1,224.81,1,💛 Loyal,0
17476.0,128,1,260.36,0,🏆 Champions,1
17477.0,3,2,1144.3,1,💛 Loyal,0
17478.0,24,1,706.2,1,💛 Loyal,0
17479.0,23,1,389.26000000000005,1,💛 Loyal,0
17484.0,14,1,133.85,1,💛 Loyal,0
17487.0,119,1,160.55,0,🏆 Champions,1
17488.0,32,1,336.5,1,💛 Loyal,0
17496.0,17,2,743.14,1,💛 Loyal,0
17497.0,1,1,204.60000000000002,1,💛 Loyal,0
17504.0,11,2,688.21,1,💛 Loyal,0
17508.0,35,3,1992.95,1,💛 Loyal,0
17511.0,23,6,21046.04,1,💛 Loyal,0
17512.0,16,4,1381.39,1,💛 Loyal,0
17514.0,60,1,334.18,0,🏆 Champions,0
17518.0,12,1,153.55,1,💛 Loyal,0
17519.0,21,4,1230.73,1,💛 Loyal,0
17526.0,19,4,1130.45,1,💛 Loyal,0
17529.0,88,1,858.27,0,🏆 Champions,0
17530.0,123,1,263.68,0,🏆 Champions,1
17531.0,9,1,560.14,1,💛 Loyal,0
17534.0,42,1,502.2,1,💛 Loyal,0
17536.0,73,1,34.78,0,🏆 Champions,0
17539.0,8,4,1226.57,1,💛 Loyal,0
17542.0,32,2,170.95,1,💛 Loyal,0
17547.0,56,1,404.55,1,💛 Loyal,0
17550.0,61,1,301.56,0,🏆 Champions,0
17552.0,18,1,415.92,1,💛 Loyal,0
17553.0,1,1,816.0,1,💛 Loyal,0
17557.0,123,1,34.0,0,🏆 Champions,1
17560.0,51,1,223.2,1,💛 Loyal,0
17561.0,124,1,192.26999999999998,0,🏆 Champions,1
17563.0,2,1,359.83,1,💛 Loyal,0
17568.0,23,1,382.79,1,💛 Loyal,0
17572.0,115,1,62.31,0,🏆 Champions,1
17575.0,58,1,171.7,1,💛 Loyal,0
17576.0,8,9,2133.18,1,💛 Loyal,0
17577.0,36,2,348.75,1,💛 Loyal,0
17581.0,21,8,2049.0,1,💛 Loyal,0
17582.0,14,1,303.55,1,💛 Loyal,0
17584.0,74,1,462.05,0,🏆 Champions,0
17586.0,10,1,167.4,1,💛 Loyal,0
17587.0,19,1,181.66,1,💛 Loyal,0
17588.0,28,1,402.5,1,💛 Loyal,0
17589.0,12,2,1445.91,1,💛 Loyal,0
17591.0,81,1,144.1,0,🏆 Champions,0
17592.0,129,1,148.3,0,🏆 Champions,1
17593.0,39,4,2557.15,1,💛 Loyal,0
17596.0,23,2,711.95,1,💛 Loyal,0
17602.0,9,2,410.59,1,💛 Loyal,0
17603.0,8,3,1398.76,1,💛 Loyal,0
17604.0,72,1,157.08,0,🏆 Champions,0
17606.0,128,1,87.30000000000001,0,🏆 Champions,1
17610.0,45,4,1417.69,1,💛 Loyal,0
17611.0,19,4,1604.37,1,💛 Loyal,0
17612.0,21,3,812.82,1,💛 Loyal,0
17618.0,75,1,436.35,0,🏆 Champions,0
17623.0,116,1,197.05,0,🏆 Champions,1
17624.0,110,1,316.83,0,🏆 Champions,1
17625.0,68,2,1648.94,0,🏆 Champions,0
17631.0,59,3,335.76,1,💛 Loyal,0
17638.0,38,2,842.4,1,💛 Loyal,0
17640.0,16,2,853.02,1,💛 Loyal,0
17642.0,11,2,648.71,1,💛 Loyal,0
17644.0,12,2,687.65,1,💛 Loyal,0
17646.0,51,3,975.25,1,💛 Loyal,0
17647.0,60,2,198.6,1,💛 Loyal,0
17660.0,127,1,163.47,0,🏆 Champions,1
17662.0,52,2,412.92,1,💛 Loyal,0
17663.0,31,2,1240.46,1,💛 Loyal,0
17664.0,10,1,308.85,1,💛 Loyal,0
17667.0,45,1,454.7,1,💛 Loyal,0
17669.0,7,1,1505.89,1,💛 Loyal,0
17672.0,32,2,1449.16,1,💛 Loyal,0
17673.0,21,1,593.84,1,💛 Loyal,0
17675.0,17,13,4777.25,1,💛 Loyal,0
17676.0,10,1,369.3,1,💛 Loyal,0
17677.0,1,7,6238.43,1,💛 Loyal,0
17679.0,24,4,1159.5,1,💛 Loyal,0
17681.0,19,3,640.6,1,💛 Loyal,0
17682.0,32,1,373.5,1,💛 Loyal,0
17685.0,57,1,636.9,1,💛 Loyal,0
17690.0,23,2,765.37,1,💛 Loyal,0
17695.0,71,1,303.9,0,🏆 Champions,0
17696.0,18,4,1481.04,1,💛 Loyal,0
17700.0,8,4,1922.96,1,💛 Loyal,0
17706.0,80,2,2278.07,0,🏆 Champions,0
17707.0,1,3,192.9,1,💛 Loyal,0
17716.0,16,4,2734.08,1,💛 Loyal,0
17718.0,35,1,299.83,1,💛 Loyal,0
17721.0,50,1,307.21000000000004,1,💛 Loyal,0
17726.0,43,2,235.27,1,💛 Loyal,0
17731.0,12,2,468.88,1,💛 Loyal,0
17734.0,33,1,321.7,1,💛 Loyal,0
17738.0,1,3,846.59,1,💛 Loyal,0
17739.0,8,5,2267.2200000000003,1,💛 Loyal,0
17740.0,9,3,232.38,1,💛 Loyal,0
17742.0,37,3,691.71,1,💛 Loyal,0
17746.0,1,1,404.58000000000004,1,💛 Loyal,0
17753.0,93,1,30.45,0,🏆 Champions,1
17754.0,27,4,1590.38,1,💛 Loyal,0
17757.0,29,3,361.33,1,💛 Loyal,0
17760.0,18,3,237.89,1,💛 Loyal,0
17763.0,44,3,71.15,1,💛 Loyal,0
17764.0,127,1,194.65,0,🏆 Champions,1
17768.0,70,3,595.27,0,🏆 Champions,0
17769.0,33,2,365.3,1,💛 Loyal,0
17773.0,81,1,376.25,0,🏆 Champions,0
17774.0,24,2,823.28,1,💛 Loyal,0
17776.0,114,1,215.75,0,🏆 Champions,1
17778.0,52,1,197.70000000000002,1,💛 Loyal,0
17780.0,58,3,352.91,1,💛 Loyal,0
17789.0,52,1,171.25,1,💛 Loyal,0
17794.0,77,2,147.3,0,🏆 Champions,0
17797.0,17,3,613.47,1,💛 Loyal,0
17799.0,21,3,1457.79,1,💛 Loyal,0
17801.0,82,1,409.69,0,🏆 Champions,0
17802.0,117,2,522.95,0,🏆 Champions,1
17804.0,129,1,124.95,0,🏆 Champions,1
17805.0,1,1,414.72,1,💛 Loyal,0
17807.0,95,1,189.68,0,🏆 Champions,1
17809.0,25,4,2132.9300000000003,1,💛 Loyal,0
17810.0,59,2,374.81,1,💛 Loyal,0
17816.0,49,2,59.55,1,💛 Loyal,0
17818.0,128,1,130.18,0,🏆 Champions,1
17819.0,40,3,1288.5,1,💛 Loyal,0
17825.0,116,3,467.46,0,🏆 Champions,1
17827.0,12,1,392.59,1,💛 Loyal,0
17829.0,45,1,1310.3000000000002,1,💛 Loyal,0
17833.0,114,1,342.36,0,🏆 Champions,1
17838.0,16,3,806.6700000000001,1,💛 Loyal,0
17841.0,3,34,9778.05,3,❌ Lost,0
17847.0,36,1,40.65,1,💛 Loyal,0
17848.0,21,7,1318.16,1,💛 Loyal,0
17849.0,26,2,191.08,1,💛 Loyal,0
17850.0,36,42,19419.68,3,❌ Lost,0
17851.0,83,4,1344.6,0,🏆 Champions,0
17852.0,115,2,380.36,0,🏆 Champions,1
17853.0,127,1,584.35,0,🏆 Champions,1
17854.0,122,1,135.94,0,🏆 Champions,1
17857.0,32,1,468.0,1,💛 Loyal,0
17858.0,40,5,2975.38,1,💛 Loyal,0
17860.0,118,2,256.69,0,🏆 Champions,1
17861.0,36,4,1446.14,1,💛 Loyal,0
17863.0,43,1,335.58,1,💛 Loyal,0
17865.0,39,8,4553.4400000000005,1,💛 Loyal,0
17866.0,115,1,149.5,0,🏆 Champions,1
17867.0,72,3,126.88,0,🏆 Champions,0
17871.0,84,1,235.51999999999998,0,🏆 Champions,0
17873.0,15,5,1638.8500000000001,1,💛 Loyal,0
17875.0,78,1,167.1,0,🏆 Champions,0
17876.0,66,1,777.4,0,🏆 Champions,0
17880.0,30,2,366.0,1,💛 Loyal,0
17883.0,42,1,168.48,1,💛 Loyal,0
17884.0,67,6,863.39,1,💛 Loyal,0
17888.0,51,4,381.44,1,💛 Loyal,0
17889.0,9,1,16.44,1,💛 Loyal,0
17905.0,26,6,947.0799999999999,1,💛 Loyal,0
17907.0,31,1,291.76,1,💛 Loyal,0
17908.0,116,1,400.91,0,🏆 Champions,1
17909.0,128,1,132.55,0,🏆 Champions,1
17910.0,116,1,261.7,0,🏆 Champions,1
17913.0,33,4,832.41,1,💛 Loyal,0
17916.0,19,2,43.87,1,💛 Loyal,0
17920.0,8,15,9252.39,3,❌ Lost,0
17927.0,112,1,294.0,0,🏆 Champions,1
17929.0,40,2,588.6,1,💛 Loyal,0
17930.0,21,2,570.8,1,💛 Loyal,0
17931.0,35,5,606.6800000000001,1,💛 Loyal,0
17933.0,23,1,114.69,1,💛 Loyal,0
17935.0,16,2,225.25,1,💛 Loyal,0
17940.0,16,4,16329.35,1,💛 Loyal,0
17941.0,49,2,822.72,1,💛 Loyal,0
17945.0,87,3,360.35,0,🏆 Champions,0
17949.0,3,38,28538.16,3,❌ Lost,0
17950.0,94,1,133.2,0,🏆 Champions,1
17954.0,12,5,935.78,1,💛 Loyal,0
17955.0,46,2,392.6,1,💛 Loyal,0
17958.0,118,1,465.42,0,🏆 Champions,1
17960.0,32,1,10.9,1,💛 Loyal,0
17961.0,1,29,1008.57,3,❌ Lost,0
17962.0,85,1,383.02,0,🏆 Champions,0
17963.0,79,1,174.12,0,🏆 Champions,0
17965.0,39,5,2181.68,1,💛 Loyal,0
17966.0,14,3,684.89,1,💛 Loyal,0
17969.0,2,12,1402.01,1,💛 Loyal,0
17978.0,88,2,288.9,0,🏆 Champions,0
17982.0,71,1,138.18,0,🏆 Champions,0
17984.0,129,1,229.46,0,🏆 Champions,1
17988.0,113,3,190.32,0,🏆 Champions,1
17990.0,123,1,332.70000000000005,0,🏆 Champions,1
17993.0,8,1,235.19,1,💛 Loyal,0
17994.0,11,1,574.1899999999999,1,💛 Loyal,0
17998.0,128,2,319.19,0,🏆 Champions,1
18001.0,127,1,176.6,0,🏆 Champions,1
18002.0,9,2,67.72,1,💛 Loyal,0
18006.0,7,2,356.48,1,💛 Loyal,0
18008.0,24,4,1354.05,1,💛 Loyal,0
18009.0,8,3,711.8,1,💛 Loyal,0
18012.0,114,1,115.3,0,🏆 Champions,1
18016.0,71,1,201.20000000000002,0,🏆 Champions,0
18025.0,9,1,258.45,1,💛 Loyal,0
18029.0,32,1,433.77,1,💛 Loyal,0
18036.0,81,2,252.1,0,🏆 Champions,0
18037.0,16,7,70.15,1,💛 Loyal,0
18039.0,31,1,120.97,1,💛 Loyal,0
18041.0,11,6,1766.56,1,💛 Loyal,0
18046.0,40,1,189.63,1,💛 Loyal,0
18051.0,25,7,2282.28,1,💛 Loyal,0
18056.0,9,1,190.95,1,💛 Loyal,0
18057.0,81,1,297.32,0,🏆 Champions,0
18058.0,58,1,301.2,1,💛 Loyal,0
18061.0,18,8,1757.31,1,💛 Loyal,0
18063.0,24,1,102.0,1,💛 Loyal,0
18064.0,1,3,1534.46,1,💛 Loyal,0
18065.0,1,5,1294.3600000000001,1,💛 Loyal,0
18069.0,39,2,395.73,1,💛 Loyal,0
18070.0,60,1,314.1,0,🏆 Champions,0
18071.0,112,2,407.55,0,🏆 Champions,1
18077.0,20,5,903.5699999999999,1,💛 Loyal,0
18078.0,18,1,372.74,1,💛 Loyal,0
18085.0,19,1,258.75,1,💛 Loyal,0
18087.0,37,7,1913.1,1,💛 Loyal,0
18092.0,51,4,3245.0,1,💛 Loyal,0
18093.0,9,1,349.20000000000005,1,💛 Loyal,0
18094.0,92,1,854.72,0,🏆 Champions,1
18097.0,113,1,171.26,0,🏆 Champions,1
18101.0,65,1,112.5,0,🏆 Champions,0
18102.0,10,30,124795.55,2,⚠️ At-Risk,0
18106.0,40,3,609.03,1,💛 Loyal,0
18108.0,128,1,493.25,0,🏆 Champions,1
18115.0,88,1,9.700000000000001,0,🏆 Champions,0
18131.0,22,1,222.95999999999998,1,💛 Loyal,0
18134.0,85,1,302.15,0,🏆 Champions,0
18135.0,25,1,190.9,1,💛 Loyal,0
18144.0,113,1,597.5,0,🏆 Champions,1
18145.0,94,2,673.74,0,🏆 Champions,1
18148.0,37,1,114.10000000000001,1,💛 Loyal,0
18149.0,26,1,367.29,1,💛 Loyal,0
18151.0,36,1,564.2,1,💛 Loyal,0
18152.0,36,1,426.69,1,💛 Loyal,0
18153.0,49,1,246.22,1,💛 Loyal,0
18162.0,123,1,379.16,0,🏆 Champions,1
18166.0,14,1,175.5,1,💛 Loyal,0
18168.0,11,4,1060.08,1,💛 Loyal,0
18170.0,32,3,874.0500000000001,1,💛 Loyal,0
18171.0,22,2,607.75,1,💛 Loyal,0
18172.0,17,4,1926.01,1,💛 Loyal,0
18173.0,3,1,589.52,1,💛 Loyal,0
18175.0,66,1,176.1,0,🏆 Champions,0
18177.0,18,2,554.5,1,💛 Loyal,0
18178.0,27,2,1124.42,1,💛 Loyal,0
18179.0,53,1,304.38,1,💛 Loyal,0
18181.0,125,1,298.99,0,🏆 Champions,1
18186.0,113,1,329.58,0,🏆 Champions,1
18187.0,22,1,724.89,1,💛 Loyal,0
18188.0,14,1,299.75,1,💛 Loyal,0
18189.0,16,1,313.49,1,💛 Loyal,0
18190.0,70,2,268.32000000000005,0,🏆 Champions,0
18194.0,1,2,1524.3200000000002,1,💛 Loyal,0
18196.0,23,1,292.93,1,💛 Loyal,0
18199.0,74,1,344.75,0,🏆 Champions,0
18201.0,113,1,447.53000000000003,0,🏆 Champions,1
18203.0,122,1,109.08,0,🏆 Champions,1
18212.0,68,1,298.3,0,🏆 Champions,0
18215.0,14,1,798.5500000000001,1,💛 Loyal,0
18218.0,51,1,301.91999999999996,1,💛 Loyal,0
18219.0,15,3,447.94,1,💛 Loyal,0
18220.0,115,1,253.64000000000001,0,🏆 Champions,1
18223.0,21,6,3854.34,1,💛 Loyal,0
18225.0,21,3,1886.1599999999999,1,💛 Loyal,0
18226.0,35,1,421.45,1,💛 Loyal,0
18229.0,80,2,660.0,0,🏆 Champions,0
18231.0,9,10,2397.96,1,💛 Loyal,0
18241.0,8,1,216.3,1,💛 Loyal,0
18242.0,9,2,634.44,1,💛 Loyal,0
18245.0,14,2,497.91,1,💛 Loyal,0
18247.0,21,1,186.0,1,💛 Loyal,0
18251.0,1,4,10724.67,1,💛 Loyal,0
18252.0,14,4,836.92,1,💛 Loyal,0
18253.0,33,1,317.88,1,💛 Loyal,0
18257.0,49,1,360.38,1,💛 Loyal,0
18259.0,70,2,662.7,0,🏆 Champions,0
18260.0,115,1,308.38,0,🏆 Champions,1
18267.0,63,1,269.37,0,🏆 Champions,0
18268.0,43,4,1247.25,1,💛 Loyal,0
18271.0,122,1,192.54999999999998,0,🏆 Champions,1
18272.0,36,1,635.0,1,💛 Loyal,0
18275.0,121,1,372.64,0,🏆 Champions,1
18276.0,119,1,218.05,0,🏆 Champions,1
18283.0,12,3,354.42,1,💛 Loyal,0
18285.0,51,1,427.0,1,💛 Loyal,0
18286.0,114,1,462.95,0,🏆 Champions,1
